seq1,seq2,a,b,c,d,e,f,g,h,i,j
MZ332526.1,MZ325844.1,99.993,29789,2,0,1,29789,1,29789,0.0,54999
OU274408.1,OU279960.1,100.000,29709,0,0,55,29763,55,29763,0.0,54863
OK193942.1,MZ007323.1,100.000,29832,0,0,1,29832,1,29832,0.0,55090
OQ690223.1,OQ690379.1,99.970,29522,6,1,1,29519,1,29522,0.0,54464
OZ064748.1,OZ064799.1,99.987,29768,4,0,1,29768,1,29768,0.0,54950
OL844179.1,ON344322.1,99.987,29832,4,0,1,29832,3,29834,0.0,55068
PQ617338.1,PQ617725.1,99.983,29759,5,0,1,29759,1,29759,0.0,54927
OK220717.1,MZ013431.1,100.000,29754,0,0,1,29754,34,29787,0.0,54946
PQ649159.1,PQ649070.1,99.969,29508,9,0,1,29508,1,29508,0.0,54438
OK295052.1,OL367260.1,99.993,29801,2,0,1,29801,30,29830,0.0,55022
OL369053.1,MZ025857.1,99.966,29803,10,0,1,29803,28,29830,0.0,54964
OL848082.1,ON344556.1,99.997,29794,1,0,1,29794,18,29811,0.0,55014
OL543750.1,OL543834.1,99.973,29869,8,0,1,29869,1,29869,0.0,55114
OX742280.1,OX649887.1,99.946,29811,16,0,39,29849,39,29849,0.0,54990
OL345120.1,OL345260.1,99.990,29828,3,0,1,29828,4,29831,0.0,55066
MW808634.1,MZ636231.1,99.957,29903,13,0,1,29903,1,29903,0.0,55149
PP614478.1,PP614513.1,99.997,29779,1,0,1,29779,1,29779,0.0,54986
PQ649271.1,PQ649221.1,99.983,29505,5,0,1,29505,1,29505,0.0,54458
OK512551.1,OK231475.1,100.000,29716,0,0,1,29716,1,29716,0.0,54876
MW907199.1,MZ779385.1,99.970,29813,9,0,1,29813,28,29840,0.0,55007
OY608821.1,OX587630.1,99.990,29763,3,0,55,29817,19,29781,0.0,54948
MW990940.1,MZ015354.1,99.980,29804,6,0,1,29804,23,29826,0.0,54988
ON344521.1,ON344837.1,99.993,29843,2,0,1,29843,10,29852,0.0,55099
OK294849.1,OK297180.1,99.967,29887,7,1,1,29884,12,29898,0.0,55123
OX548218.1,OX575084.1,99.987,29785,4,0,39,29823,39,29823,0.0,54977
OM897702.1,OM897704.1,100.000,29540,0,0,1,29540,1,29540,0.0,54551
OX553607.1,OX587406.1,100.000,29812,0,0,6,29817,6,29817,0.0,55053
OQ521686.1,OQ521790.1,99.990,29808,3,0,1,29808,2,29809,0.0,55029
OU232259.1,OU232292.1,99.993,29763,2,0,55,29817,55,29817,0.0,54953
OQ691244.1,OQ691099.1,100.000,29510,0,0,1,29510,1,29510,0.0,54495
OM021096.1,OM021108.1,100.000,29795,0,0,1,29795,17,29811,0.0,54977
OM021163.1,OL896936.1,99.956,29828,13,0,1,29828,5,29832,0.0,55033
MZ317908.1,MZ317892.1,100.000,29784,0,0,1,29784,1,29784,0.0,55001
OX939388.1,OX543171.1,99.993,29808,2,0,39,29846,39,29846,0.0,55029
OU273468.1,OU273431.1,100.000,29709,0,0,55,29763,55,29763,0.0,54863
OK246928.1,OK246911.1,99.957,29893,13,0,1,29893,1,29893,0.0,55130
MZ349320.1,MZ349542.1,99.987,29903,4,0,1,29903,1,29903,0.0,55204
OK121613.1,MZ702149.1,100.000,29675,0,0,1,29675,49,29723,0.0,54800
MZ539248.1,MZ539257.1,99.980,29793,1,1,9,29796,1,29793,0.0,54979
MZ170136.1,MZ451770.1,99.983,29835,5,0,1,29835,2,29836,0.0,55070
MZ705303.1,MZ705399.1,99.990,29819,3,0,1,29819,1,29819,0.0,55049
OQ720440.1,ON344527.1,99.980,29540,6,0,1,29540,177,29716,0.0,54517
OE996235.2,OX587779.1,99.990,29763,3,0,55,29817,17,29779,0.0,54946
OL848113.1,OP143191.1,99.987,29782,4,0,1,29782,43,29824,0.0,54975
PP614085.1,PP614822.1,99.976,29691,7,0,3,29693,1,29691,0.0,54791
MZ472690.1,MZ472680.1,99.990,29831,3,0,1,29831,1,29831,0.0,55071
OZ028461.1,OU261205.1,100.000,29764,0,0,55,29818,55,29818,0.0,54964
OU111950.1,OU111941.1,99.997,29816,1,0,10,29825,1,29816,0.0,55055
PQ617822.1,PQ617823.1,99.997,29775,1,0,1,29775,1,29775,0.0,54981
MW852494.1,MZ025857.1,99.970,29666,9,0,1,29666,8,29673,0.0,54733
MZ469271.1,MZ185530.1,99.983,29644,5,0,1,29644,34,29677,0.0,54717
ON283516.1,OU112348.1,99.966,29666,10,0,1,29666,3,29668,0.0,54730
ON283516.1,OU112348.1,100.000,82,0,0,29714,29795,29667,29748,1.05e-33,152
OY334626.1,OY934557.1,99.980,29807,6,0,39,29845,39,29845,0.0,55014
OU134383.1,OU086225.1,99.983,29755,5,0,1,29755,1,29755,0.0,54920
MW782959.1,MW989857.1,99.997,29782,1,0,1,29782,51,29832,0.0,54992
OM105280.1,OL847867.1,100.000,29871,0,0,1,29871,1,29871,0.0,55162
OQ521699.1,OQ521704.1,99.997,29813,1,0,1,29813,1,29813,0.0,55049
OU152817.1,OU152832.1,100.000,29687,0,0,1,29687,1,29687,0.0,54822
OK249590.1,OK295077.1,100.000,29781,0,0,1,29781,21,29801,0.0,54996
OK252833.1,OD950234.1,99.983,29764,5,0,1,29764,55,29818,0.0,54937
OK251375.1,OK291701.1,99.993,29752,2,0,1,29752,25,29776,0.0,54931
MZ195476.1,MZ685635.1,99.977,29808,7,0,1,29808,6,29813,0.0,55007
OQ691125.1,OZ061796.1,99.993,29510,2,0,1,29510,163,29672,0.0,54486
MZ320529.1,MZ322036.1,100.000,29777,0,0,1,29777,1,29777,0.0,54988
OU232286.1,OY939797.1,99.990,29763,3,0,55,29817,55,29817,0.0,54946
PQ649126.1,PQ649240.1,99.976,29490,7,0,1,29490,1,29490,0.0,54420
OY018395.1,OX543171.1,99.987,29806,4,0,39,29844,39,29844,0.0,55014
OK267366.1,OK293483.1,99.923,29772,20,1,1,29769,25,29796,0.0,54850
MW884221.1,MW884220.1,100.000,29873,0,0,1,29873,1,29873,0.0,55147
OM245328.1,OM245025.1,99.963,29873,8,1,3,29872,1,29873,0.0,55103
MZ414623.1,MZ636260.1,99.940,29887,18,0,1,29887,17,29903,0.0,55110
OP886424.1,OP884651.1,100.000,29802,0,0,1,29802,1,29802,0.0,55034
OD999824.2,OD999645.2,100.000,29763,0,0,55,29817,55,29817,0.0,54962
OU243053.1,OU245309.1,100.000,29709,0,0,55,29763,55,29763,0.0,54863
OK542282.1,OK542343.1,100.000,29536,0,0,1,29536,1,29536,0.0,54543
OU356670.1,OU361350.1,99.967,29855,10,0,1,29855,17,29871,0.0,55077
OQ788187.1,OU257452.1,99.993,29696,2,0,1,29696,55,29750,0.0,54828
OR841440.1,OR841438.1,99.997,29820,1,0,1,29820,1,29820,0.0,55062
OZ061959.1,OZ061779.1,99.976,29771,7,0,1,29771,6,29776,0.0,54942
PQ803673.1,PQ454491.1,99.976,29784,7,0,1,29784,1,29784,0.0,54968
OX580055.1,OX560713.1,100.000,29785,0,0,39,29823,39,29823,0.0,54999
PQ458225.1,PQ361551.1,99.993,29505,2,0,1,29505,149,29653,0.0,54475
OZ063090.1,OZ065241.1,99.960,29768,12,0,1,29768,8,29775,0.0,54916
OX558826.1,OX565613.1,99.983,29846,5,0,39,29884,39,29884,0.0,55088
OU126712.1,OU125533.1,99.990,29825,3,0,2,29826,1,29825,0.0,55058
OM021007.1,OM091492.1,99.997,29795,1,0,1,29795,1,29795,0.0,54972
OY295395.1,OP485087.1,99.869,29816,39,0,39,29854,39,29854,0.0,54878
OY621565.2,OX588284.1,99.997,29763,1,0,55,29817,41,29803,0.0,54957
MW963454.1,OK192682.1,99.997,29756,1,0,1,29756,1,29756,0.0,54944
OU361386.1,OU361344.1,99.997,29875,1,0,1,29875,3,29877,0.0,55162
OK295328.1,OK296823.1,100.000,29828,0,0,1,29828,1,29828,0.0,55082
MZ144345.1,MZ144344.1,99.976,29689,7,0,2,29690,1,29689,0.0,54787
OX861209.1,OX710875.1,99.993,29807,2,0,41,29847,41,29847,0.0,55031
OK549086.1,ON344322.1,99.993,29598,2,0,1,29598,85,29682,0.0,54647
MW988974.1,MW989017.1,100.000,29709,0,0,1,29709,1,29709,0.0,54863
OM092523.1,OL896956.1,99.983,29811,5,0,1,29811,20,29830,0.0,54979
OU077849.1,OU071975.1,99.995,18495,1,0,1,18495,30,18524,0.0,34151
OU077849.1,OU071975.1,99.973,11028,3,0,18488,29515,18643,29670,0.0,20353
MW908840.1,MZ028922.1,100.000,29695,0,0,1,29695,52,29746,0.0,54837
MW914015.1,MW913978.1,100.000,29695,0,0,1,29695,1,29695,0.0,54837
OR856859.1,OR856874.1,99.967,29867,10,0,1,29867,6,29872,0.0,55077
MW734125.1,ON344322.1,99.980,29713,6,0,1,29713,53,29765,0.0,54837
MW868528.1,MW777797.1,99.993,29831,2,0,1,29831,30,29860,0.0,55077
OE996849.2,OY921898.1,99.983,29820,4,1,30,29849,30,29848,0.0,55038
OU222896.1,OU239331.1,99.997,29800,1,0,1,29800,1,29800,0.0,55025
OZ061151.1,MW758864.1,99.940,29791,12,1,1,29785,33,29823,0.0,54909
PQ458213.1,PQ454478.1,99.949,29566,12,1,1,29566,134,29696,0.0,54512
OX013483.1,OX014435.1,99.997,29763,1,0,55,29817,55,29817,0.0,54957
PQ094823.1,PQ094827.1,99.970,29580,9,0,1,29580,1,29580,0.0,54578
PP122245.1,PP122208.1,99.963,29846,11,0,1,29846,1,29846,0.0,55064
OL601822.1,OU054632.1,99.993,29708,2,0,1,29708,55,29762,0.0,54850
OX597103.1,OX570540.1,100.000,29789,0,0,29,29817,29,29817,0.0,55010
OX930161.1,OX931411.1,99.983,29836,5,0,6,29841,6,29841,0.0,55071
PQ588230.1,PQ649251.1,99.997,29514,1,0,1,29514,1,29514,0.0,54464
MW791296.1,MW907088.1,99.956,29836,10,1,1,29836,1,29833,0.0,55022
OL896986.1,OL896952.1,99.990,29786,3,0,1,29786,2,29787,0.0,54985
MZ241087.1,MZ195213.1,99.990,29777,3,0,1,29777,39,29815,0.0,54972
PP614276.1,PP614329.1,100.000,29744,0,0,1,29744,1,29744,0.0,54927
OZ061920.1,OZ062460.1,99.963,29790,11,0,1,29790,7,29796,0.0,54955
MZ864263.1,OL367260.1,99.990,29716,3,0,1,29716,72,29787,0.0,54859
MW808798.1,OL848870.1,99.940,29887,18,0,5,29891,1,29887,0.0,55114
OM021287.1,OM020986.1,99.997,29795,1,0,1,29795,27,29821,0.0,54972
ON577347.1,ON577343.1,99.966,29831,10,0,1,29831,1,29831,0.0,55033
OL848692.1,OL848673.1,99.967,29874,10,0,1,29874,3,29876,0.0,55108
OK127351.1,OK124743.1,99.990,29709,3,0,1,29709,1,29709,0.0,54846
OY609469.1,OX568750.1,99.987,29770,3,1,55,29824,55,29823,0.0,54955
OU286533.1,OU290369.1,100.000,29707,0,0,55,29761,55,29761,0.0,54859
OZ061493.1,OZ064317.1,99.966,29789,10,0,1,29789,1,29789,0.0,54957
OL601817.1,OL601834.1,99.990,29708,3,0,1,29708,1,29708,0.0,54846
OV101647.1,MZ451879.1,99.966,29777,10,0,28,29804,25,29801,0.0,54933
MZ716792.1,MZ636239.1,99.973,29752,8,0,1,29752,55,29806,0.0,54898
MW695388.1,MW941541.1,99.973,29827,8,0,1,29827,34,29860,0.0,55036
OM020961.1,OM021108.1,99.980,29795,3,1,1,29792,17,29811,0.0,54940
OX553950.1,OY939797.1,100.000,29796,0,0,22,29817,22,29817,0.0,55023
MW772419.1,MW768061.1,99.997,29819,1,0,1,29819,39,29857,0.0,55060
OM898502.1,OM897931.1,99.963,29510,11,0,1,29510,1,29510,0.0,54434
OK191654.1,OK191227.1,100.000,29795,0,0,1,29795,1,29795,0.0,55022
PQ617426.1,MW629438.1,99.970,29778,9,0,1,29778,12,29789,0.0,54942
OY951328.1,OY943889.1,99.993,29872,2,0,1,29872,1,29872,0.0,55153
PQ617495.1,PQ617494.1,99.997,29760,1,0,1,29760,1,29760,0.0,54953
OQ521685.1,OQ521767.1,99.970,29811,9,0,1,29811,9,29819,0.0,55001
OK547677.1,OK548231.1,100.000,29598,0,0,1,29598,1,29598,0.0,54658
MZ225797.1,MW989783.1,99.973,29772,8,0,1,29772,52,29823,0.0,54935
OL474187.1,MW989783.1,99.987,29714,4,0,1,29714,53,29766,0.0,54850
MZ153680.1,MZ245169.1,99.997,29797,1,0,1,29797,27,29823,0.0,55020
OW625910.1,OW600277.1,99.997,29746,1,0,55,29800,55,29800,0.0,54914
OK139478.1,MZ195520.1,99.953,29844,14,0,1,29844,4,29847,0.0,55034
MZ319434.1,MZ236864.1,99.993,29777,2,0,1,29777,25,29801,0.0,54977
MZ322030.1,MW988204.1,99.987,29777,4,0,1,29777,35,29811,0.0,54966
OK250564.1,OK293144.1,99.990,29781,3,0,1,29781,51,29831,0.0,54979
MW808810.1,MW808416.1,99.977,29891,7,0,3,29893,1,29891,0.0,55142
OQ690411.1,OQ690163.1,100.000,29540,0,0,1,29540,1,29540,0.0,54551
MW868733.1,MW792712.1,99.980,29839,6,0,1,29839,16,29854,0.0,55070
MZ159044.1,MZ159046.1,99.993,29881,2,0,2,29882,1,29881,0.0,55160
MZ006632.1,MZ213269.1,99.997,29831,1,0,1,29831,29,29859,0.0,55082
PQ588161.1,PQ588262.1,99.976,29501,6,1,1,29500,1,29501,0.0,54438
MZ006082.1,MW976004.1,100.000,29709,0,0,1,29709,1,29709,0.0,54863
MZ520102.1,MZ520104.1,99.993,29764,2,0,1,29764,1,29764,0.0,54953
OM898130.1,PQ085389.1,99.976,29536,7,0,1,29536,148,29683,0.0,54504
MZ799108.1,MZ799097.1,100.000,29836,0,0,1,29836,1,29836,0.0,55097
MZ619827.1,MZ620012.1,100.000,29827,0,0,1,29827,16,29842,0.0,55077
MZ322559.1,MZ322560.1,99.987,29831,4,0,1,29831,1,29831,0.0,55066
OQ690287.1,OQ691074.1,99.980,29540,6,0,1,29540,1,29540,0.0,54517
OU530554.1,OU525106.1,99.997,29764,1,0,55,29818,55,29818,0.0,54961
OZ065659.1,OZ065707.1,99.960,29793,12,0,8,29800,1,29793,0.0,54955
OV884679.1,OV884835.1,99.980,29785,6,0,22,29806,22,29806,0.0,54981
PQ668253.1,MZ164816.1,99.936,29527,15,1,1,29523,199,29725,0.0,54418
OU020335.1,OU054632.1,99.970,29709,9,0,55,29763,55,29763,0.0,54815
OZ064444.1,OZ062913.1,99.966,29789,10,0,2,29790,1,29789,0.0,54955
MZ322073.1,MZ322051.1,100.000,29777,0,0,1,29777,1,29777,0.0,54988
MZ888275.1,OK296993.1,100.000,29748,0,0,1,29748,10,29757,0.0,54935
MW778593.1,MW779032.1,99.993,29902,2,0,2,29903,1,29902,0.0,55206
MW988042.1,MW988040.1,100.000,29764,0,0,1,29764,1,29764,0.0,54964
MZ228148.1,MZ196191.1,99.997,29825,1,0,1,29825,27,29851,0.0,55071
OZ062485.1,OZ061491.1,99.983,29768,5,0,1,29768,32,29799,0.0,54946
MW986499.1,MZ146259.1,99.973,29704,8,0,1,29704,1,29704,0.0,54809
OU187667.1,OU187682.1,99.993,29803,2,0,32,29834,32,29834,0.0,55025
OX013582.1,OX014382.1,99.997,29763,1,0,55,29817,55,29817,0.0,54957
MW808369.1,MZ636260.1,99.933,29893,20,0,1,29893,11,29903,0.0,55112
OZ062518.1,OZ062365.1,99.980,29789,6,0,1,29789,6,29794,0.0,54981
OK548407.1,OK547803.1,100.000,29598,0,0,1,29598,1,29598,0.0,54658
OD965031.1,OX951279.1,100.000,29764,0,0,55,29818,55,29818,0.0,54964
MW808778.1,MZ636260.1,99.943,29903,17,0,1,29903,1,29903,0.0,55149
PQ617301.1,PQ617721.1,100.000,29759,0,0,1,29759,1,29759,0.0,54951
MW782912.1,MW989857.1,99.993,29782,2,0,1,29782,51,29832,0.0,54986
OX543100.1,OX576748.1,99.997,29784,1,0,40,29823,40,29823,0.0,54990
OZ028082.1,OZ028092.1,99.997,29769,1,0,55,29823,55,29823,0.0,54970
OY613048.1,OX588237.1,100.000,29763,0,0,55,29817,23,29785,0.0,54962
MZ213352.1,MZ512887.1,99.970,29868,9,0,1,29868,18,29885,0.0,55121
OU285030.1,OU261020.1,100.000,29709,0,0,55,29763,55,29763,0.0,54863
OM898550.1,OM898219.1,100.000,29510,0,0,1,29510,1,29510,0.0,54495
MZ702227.1,MZ316533.1,99.980,29775,6,0,1,29775,25,29799,0.0,54951
MZ315743.1,MZ149838.1,99.956,29788,4,1,1,29779,9,29796,0.0,54927
OY953147.1,OY962058.1,100.000,29884,0,0,1,29884,1,29884,0.0,55186
OK295977.1,OK294588.1,99.980,29901,6,0,1,29901,2,29902,0.0,55184
PQ044107.1,MZ451825.1,99.963,29749,11,0,1,29749,76,29824,0.0,54876
OK246385.1,OK246522.1,99.993,29902,2,0,1,29902,1,29902,0.0,55208
MW985171.1,PP614822.1,99.987,29673,4,0,1,29673,17,29689,0.0,54774
PP122122.1,PP122208.1,99.987,29846,4,0,1,29846,1,29846,0.0,55094
OW692304.1,OW692719.1,99.909,29755,27,0,55,29809,55,29809,0.0,54846
ON192716.1,ON192726.1,100.000,29713,0,0,1,29713,3,29715,0.0,54870
PP614186.1,MZ149838.1,99.987,29695,4,0,1,29695,7,29701,0.0,54815
OR298899.1,OR298795.1,100.000,29827,0,0,1,29827,1,29827,0.0,55081
OU174388.2,OU173409.2,100.000,29764,0,0,55,29818,55,29818,0.0,54964
OQ341832.1,OM739430.1,99.976,29758,7,0,1,29758,13,29770,0.0,54914
OK235275.1,MZ256112.1,99.983,29769,5,0,1,29769,4,29772,0.0,54946
PQ361583.1,PQ361551.1,99.980,29758,6,0,1,29758,1,29758,0.0,54920
OR611238.1,MW884219.1,99.990,29743,3,0,1,29743,31,29773,0.0,54909
MW987154.1,MW987155.1,100.000,29703,0,0,1,29703,1,29703,0.0,54852
MZ184251.1,MZ185556.1,99.990,29840,3,0,1,29840,7,29846,0.0,55088
OX576475.1,OY903418.1,99.983,29813,5,0,5,29817,5,29817,0.0,55027
OU263612.1,OU243673.1,99.993,29764,2,0,55,29818,55,29818,0.0,54953
OK232509.1,MZ153556.1,99.990,29799,3,0,1,29799,10,29808,0.0,55012
MZ252288.1,OK289729.1,99.983,29704,5,0,1,29704,16,29719,0.0,54826
OK548392.1,OK547764.1,99.990,29598,3,0,1,29598,1,29598,0.0,54641
OR856872.1,OR856811.1,99.993,29825,2,0,1,29825,7,29831,0.0,55066
MZ030206.1,MZ512887.1,99.997,29764,1,0,1,29764,55,29818,0.0,54959
OL601777.1,OU054632.1,99.990,29708,3,0,1,29708,55,29762,0.0,54844
MW640384.1,MW704925.1,99.987,29713,4,0,1,29713,1,29713,0.0,54848
OM124564.1,OM124673.1,100.000,29785,0,0,1,29785,14,29798,0.0,55003
OW603186.1,OL896936.1,99.973,29804,8,0,3,29806,3,29806,0.0,54999
PP611549.1,OX642408.1,99.980,29727,6,0,1,29727,29,29755,0.0,54863
MW713636.1,MW968074.1,99.997,29740,1,0,1,29740,9,29748,0.0,54914
ON099906.1,ON099776.1,99.993,29720,2,0,1,29720,1,29720,0.0,54872
OW600977.1,OW630034.1,99.993,29749,2,0,55,29803,55,29803,0.0,54922
ON577458.1,ON577453.1,99.963,29831,11,0,1,29831,1,29831,0.0,55027
OL848694.1,OL848555.1,99.987,29874,4,0,1,29874,15,29888,0.0,55145
MZ038952.1,OL709520.1,99.990,29714,3,0,1,29714,1,29714,0.0,54855
MZ740768.1,MZ740779.1,100.000,29799,0,0,1,29799,1,29799,0.0,55029
PQ649252.1,PQ649251.1,99.997,29514,1,0,1,29514,1,29514,0.0,54464
PQ588224.1,PQ588276.1,99.990,29504,3,0,1,29504,1,29504,0.0,54456
OK242118.1,OM153436.1,99.993,29796,2,0,1,29796,14,29809,0.0,55012
ON577976.1,MW988204.1,99.913,29825,3,1,1,29802,11,29835,0.0,54911
OX686367.1,MZ153711.1,99.973,29812,8,0,39,29850,9,29820,0.0,55012
MW809059.1,MW809058.1,100.000,29776,0,0,1,29776,3,29778,0.0,54986
MZ322064.1,MZ322041.1,100.000,29770,0,0,1,29770,1,29770,0.0,54975
PQ783430.1,PQ783448.1,99.993,29802,2,0,1,29802,15,29816,0.0,55023
OK122315.1,MZ319417.1,99.987,29678,4,0,1,29678,49,29726,0.0,54783
MZ316315.1,MZ315640.1,99.990,29797,3,0,1,29797,1,29797,0.0,55009
OU154394.1,OU154406.1,99.993,29855,2,0,1,29855,1,29855,0.0,55121
PQ458188.1,PQ361551.1,99.993,29483,2,0,1,29483,171,29653,0.0,54436
ON074355.1,ON074354.1,99.997,29759,1,0,1,29759,1,29759,0.0,54950
MW941375.1,MW808852.1,100.000,29899,0,0,1,29899,4,29902,0.0,55188
OX564645.1,OX539351.1,100.000,29880,0,0,5,29884,5,29884,0.0,55179
MZ450573.1,MZ450168.1,99.990,29815,3,0,1,29815,1,29815,0.0,55042
BS008001.1,BS008071.1,100.000,29764,0,0,1,29764,1,29764,0.0,54964
OL601698.1,OU054632.1,99.980,29708,6,0,1,29708,55,29762,0.0,54835
OD915319.1,OU054632.1,100.000,29709,0,0,55,29763,55,29763,0.0,54863
OY335339.1,OY917076.1,99.990,29836,3,0,8,29843,8,29843,0.0,55081
OK024346.1,MZ996088.1,99.970,29831,9,0,1,29831,1,29831,0.0,55038
MZ433436.1,MZ636237.1,99.959,29540,12,0,1,29540,202,29741,0.0,54484
MZ414449.1,MZ414686.1,99.970,29900,9,0,1,29900,1,29900,0.0,55149
PQ362864.1,PQ362865.1,99.993,29806,2,0,1,29806,1,29806,0.0,55031
OK289727.1,OK246911.1,99.973,29839,8,0,1,29839,55,29893,0.0,55058
OL615624.1,MW758728.1,99.993,29832,2,0,1,29832,5,29836,0.0,55079
MW734215.1,ON344783.1,99.987,29713,4,0,1,29713,53,29765,0.0,54848
ON041637.1,MZ025857.1,99.983,29768,5,0,2,29769,13,29780,0.0,54944
MW796687.1,MW796840.1,100.000,29805,0,0,1,29805,12,29816,0.0,55036
OV101973.1,MZ451825.1,99.973,29815,8,0,4,29818,1,29815,0.0,55014
OU025897.1,OU017451.1,100.000,29782,0,0,55,29836,55,29836,0.0,54998
MZ810595.1,OK296993.1,100.000,29751,0,0,1,29751,25,29775,0.0,54940
PQ803690.1,PQ454477.1,99.936,29746,19,0,1,29746,37,29782,0.0,54826
OX899236.1,OX599036.1,99.993,29826,2,0,33,29858,33,29858,0.0,55062
OX550362.1,OX586535.1,100.000,29781,0,0,37,29817,37,29817,0.0,54996
PQ668241.1,MZ164816.1,99.939,29527,18,0,1,29527,199,29725,0.0,54427
PP614271.1,PP614293.1,100.000,29744,0,0,1,29744,1,29744,0.0,54927
OZ066580.1,OZ064317.1,99.993,29776,2,0,1,29776,14,29789,0.0,54972
OU221057.1,OU129086.1,99.980,29855,6,0,1,29855,14,29868,0.0,55110
OR539155.1,OR539148.1,99.976,29409,7,0,1,29409,1,29409,0.0,54270
MW864381.1,OL701850.1,99.993,29782,2,0,1,29782,25,29806,0.0,54986
OZ063131.1,OZ065237.1,99.973,29796,8,0,1,29796,3,29798,0.0,54979
OM898177.1,OM898231.1,99.997,29510,1,0,1,29510,1,29510,0.0,54490
MZ179835.1,MZ179256.1,99.993,29700,2,0,1,29700,1,29700,0.0,54835
OQ690154.1,MW721504.1,99.986,29522,4,0,1,29522,148,29669,0.0,54495
PP122185.1,PP122119.1,99.997,29845,1,0,1,29845,2,29846,0.0,55108
OK234527.1,OK252490.1,100.000,29731,0,0,16,29746,1,29731,0.0,54903
PQ362900.1,PQ362881.1,99.960,29818,12,0,1,29818,1,29818,0.0,54998
MW971637.1,MZ181949.1,99.997,29695,1,0,2,29696,1,29695,0.0,54831
OX904197.1,OX710875.1,99.983,29807,5,0,41,29847,41,29847,0.0,55020
OQ691088.1,OQ691117.1,99.993,29536,2,0,1,29536,1,29536,0.0,54532
MZ473695.1,MZ474102.1,99.983,29782,5,0,1,29782,1,29782,0.0,54953
PP186883.1,PP186876.1,100.000,29865,0,0,1,29865,22,29886,0.0,55151
OK231724.1,OK233880.1,99.990,29701,3,0,1,29701,1,29701,0.0,54831
PQ094829.1,PQ094831.1,99.986,29580,4,0,1,29580,1,29580,0.0,54608
OL601736.1,OU054632.1,99.990,29708,3,0,1,29708,55,29762,0.0,54844
OU799288.1,OY903418.1,99.980,29812,6,0,6,29817,6,29817,0.0,55020
OU283854.1,OU261020.1,100.000,29709,0,0,55,29763,55,29763,0.0,54863
OK297069.1,OK246522.1,99.936,29900,16,1,1,29897,3,29902,0.0,55132
MW963204.1,MZ075791.1,99.990,29772,3,0,1,29772,28,29799,0.0,54962
ON192964.1,OZ062399.1,99.990,29687,3,0,1,29687,56,29742,0.0,54805
MZ153674.1,MW989783.1,99.983,29819,5,0,1,29819,28,29846,0.0,55038
MZ166874.1,MZ013791.1,100.000,29830,0,0,1,29830,10,29839,0.0,55086
MZ641377.1,MZ149788.1,99.950,29733,15,0,1,29733,10,29742,0.0,54824
OQ521742.1,OQ521722.1,99.993,29777,2,0,1,29777,17,29793,0.0,54977
OK233037.1,OK297016.1,99.970,29763,9,0,1,29763,5,29767,0.0,54913
MW965907.1,MZ075778.1,99.983,29901,5,0,1,29901,1,29901,0.0,55188
OU017142.1,OU017549.1,99.997,29764,1,0,55,29818,55,29818,0.0,54961
OU199513.2,OU042670.2,99.993,29764,2,0,55,29818,55,29818,0.0,54957
OK193652.1,OK193078.1,99.993,29801,2,0,1,29801,1,29801,0.0,55022
OY612088.1,OX642408.1,99.983,29763,5,0,55,29817,45,29807,0.0,54938
OE996232.2,OE996271.2,99.997,29752,0,1,55,29805,55,29806,0.0,54935
OM897853.1,OQ690577.1,100.000,29510,0,0,1,29510,1,29510,0.0,54495
MZ449723.1,MZ449712.1,99.987,29820,4,0,1,29820,1,29820,0.0,55046
OY370866.1,OY370048.1,100.000,29782,0,0,55,29836,55,29836,0.0,54998
MZ009401.1,MZ007087.1,100.000,29825,0,0,1,29825,6,29830,0.0,55077
OK232117.1,OK246907.1,99.993,29799,2,0,1,29799,40,29838,0.0,55018
OQ691269.1,OK193740.1,99.980,29536,6,0,1,29536,172,29707,0.0,54510
MZ260135.1,MZ257215.1,99.950,29889,15,0,3,29891,1,29889,0.0,55086
MW717678.1,MZ779385.1,99.980,29849,6,0,1,29849,1,29849,0.0,55090
OW626013.1,OW600277.1,100.000,29746,0,0,55,29800,55,29800,0.0,54920
OK025794.1,OK296298.1,99.980,29829,6,0,1,29829,29,29857,0.0,55051
OQ050807.1,MZ025857.1,99.983,29675,5,0,1,29675,29,29703,0.0,54774
OQ050807.1,MZ025857.1,96.063,127,5,0,29725,29851,29704,29830,6.16e-51,209
OD987507.1,OU034587.1,99.983,29764,5,0,55,29818,55,29818,0.0,54938
OZ070892.1,OZ070696.1,99.987,29789,4,0,1,29789,13,29801,0.0,54992
OL601762.1,OU054632.1,99.993,29708,2,0,1,29708,55,29762,0.0,54850
OP302820.1,OZ061796.1,99.983,29674,5,0,1,29674,26,29699,0.0,54772
OK439107.1,MW943899.1,99.980,29820,6,0,1,29820,8,29827,0.0,55046
OK112512.1,OK219098.1,99.980,29682,6,0,1,29682,98,29779,0.0,54780
PP522441.1,PP522442.1,99.980,29768,6,0,1,29768,1,29768,0.0,54938
OK250488.1,OK252504.1,99.997,29781,1,0,1,29781,1,29781,0.0,54990
PQ668223.1,PQ481568.1,99.925,29527,16,1,1,29527,1,29521,0.0,54399
ON195206.1,PP614350.1,100.000,29686,0,0,1,29686,36,29721,0.0,54820
MZ169570.1,OU138700.1,99.946,29861,15,1,31,29891,1,29860,0.0,55066
PQ649184.1,OW598971.1,99.997,29505,1,0,1,29505,202,29706,0.0,54480
MZ322060.1,MZ322036.1,99.990,29777,3,0,1,29777,1,29777,0.0,54972
PQ645858.1,PQ645857.1,99.997,29531,1,0,1,29531,1,29531,0.0,54528
OR264355.1,PP144586.1,99.987,29744,4,0,1,29744,38,29781,0.0,54905
PQ668229.1,PQ481568.1,99.949,29527,15,0,1,29527,1,29527,0.0,54444
PP611548.1,PP611684.1,99.980,29727,6,0,1,29727,29,29755,0.0,54863
OW629041.1,OV884923.1,99.983,29761,5,0,46,29806,46,29806,0.0,54938
MZ694514.1,OZ061796.1,99.980,29751,6,0,1,29751,16,29766,0.0,54909
MZ685721.1,MZ684685.1,100.000,29826,0,0,1,29826,1,29826,0.0,55079
OL848683.1,MZ636218.1,99.970,29886,9,0,1,29886,18,29903,0.0,55142
PQ454420.1,PQ454456.1,99.973,29787,8,0,7,29793,1,29787,0.0,54964
OD999576.2,OD999079.2,99.993,29807,1,1,12,29817,12,29818,0.0,55031
MZ332525.1,MZ332523.1,99.997,29789,1,0,1,29789,1,29789,0.0,55005
OY336820.1,MZ164816.1,99.980,29782,6,0,1,29782,40,29821,0.0,54964
OZ065285.1,OZ062396.1,99.956,29816,13,0,1,29816,3,29818,0.0,54988
OZ063188.1,OZ061656.1,99.963,29768,11,0,1,29768,35,29802,0.0,54911
MW967705.1,MW778713.1,99.967,29899,10,0,1,29899,4,29902,0.0,55167
MZ169915.1,MZ169912.1,100.000,29903,0,0,1,29903,1,29903,0.0,55221
MZ253415.1,MZ253309.1,100.000,29703,0,0,1,29703,2,29704,0.0,54852
OP143304.1,ON344783.1,99.990,29826,3,0,1,29826,9,29834,0.0,55062
OK235110.1,OK232859.1,99.997,29630,1,0,1,29630,1,29630,0.0,54711
OU235932.1,MZ779385.1,99.966,29764,10,0,55,29818,52,29815,0.0,54911
MW987379.1,MW930049.1,99.997,29704,1,0,1,29704,1,29704,0.0,54848
OP535611.1,MZ636249.1,99.943,29875,17,0,1,29875,29,29903,0.0,55090
OQ050819.1,MZ025857.1,99.993,29685,1,1,1,29684,20,29704,0.0,54805
OQ050819.1,MZ025857.1,96.124,129,5,0,29731,29859,29702,29830,2.85e-54,220
OK044814.1,MZ636239.1,99.963,29819,11,0,1,29819,4,29822,0.0,55005
OM128788.1,OQ050859.1,99.987,29679,4,0,1,29679,10,29688,0.0,54785
OM128788.1,OQ050859.1,99.038,104,1,0,29728,29831,29737,29840,8.03e-45,189
OL367194.1,OK294588.1,99.980,29901,6,0,1,29901,2,29902,0.0,55184
OK024822.1,OK022769.1,99.993,29828,2,0,1,29828,1,29828,0.0,55071
MZ358520.1,MZ358517.1,99.997,29810,1,0,1,29810,22,29831,0.0,55046
PP122268.1,MZ636218.1,99.953,29887,13,1,1,29887,3,29888,0.0,55112
PQ803730.1,PQ361547.1,99.970,29703,9,0,1,29703,32,29734,0.0,54802
OM897924.1,OQ691359.1,99.973,29510,8,0,1,29510,1,29510,0.0,54451
OL898830.1,OL896933.1,99.997,29794,1,0,1,29794,24,29817,0.0,55014
OU795361.1,OZ028118.1,99.892,29766,20,2,55,29814,55,29814,0.0,54780
OK250073.1,OK250032.1,100.000,29781,0,0,1,29781,1,29781,0.0,54996
MZ281742.1,MZ159046.1,99.973,29869,8,0,1,29869,13,29881,0.0,55106
OE996444.2,OE996470.2,100.000,29820,0,0,30,29849,30,29849,0.0,55068
OK122047.1,OK142964.1,99.993,29645,2,0,1,29645,82,29726,0.0,54733
MZ728849.1,MZ731995.1,99.980,29797,6,0,1,29797,1,29797,0.0,54992
OQ906977.1,OU089460.1,99.980,29684,6,0,1,29684,71,29754,0.0,54787
OZ065488.1,OZ065530.1,100.000,29768,0,0,1,29768,27,29794,0.0,54972
MW986317.1,MW989783.1,99.990,29705,3,0,1,29705,51,29755,0.0,54839
OV101550.1,OV101552.1,99.997,29853,1,0,5,29857,5,29857,0.0,55123
PQ415236.1,PQ415254.1,99.986,29540,4,0,1,29540,1,29540,0.0,54528
MW705988.1,MW705987.1,99.983,29713,5,0,1,29713,1,29713,0.0,54852
PQ803684.1,PQ803672.1,99.997,29760,1,0,1,29760,17,29776,0.0,54946
OZ065185.1,OZ063237.1,99.990,29768,3,0,1,29768,8,29775,0.0,54957
MZ259158.1,OK246953.1,99.956,29850,13,0,1,29850,37,29886,0.0,55070
OM898711.1,OQ690577.1,99.970,29510,9,0,1,29510,1,29510,0.0,54445
PP522432.1,PP522229.1,99.987,29759,4,0,1,29759,1,29759,0.0,54933
PQ585536.1,PQ361551.1,99.956,29689,11,2,1,29689,26,29712,0.0,54752
OQ521755.1,OQ521722.1,99.993,29810,2,0,1,29810,1,29810,0.0,55038
MZ619826.1,MZ620012.1,100.000,29827,0,0,1,29827,16,29842,0.0,55077
PP611693.1,PP611680.1,99.983,29727,5,0,1,29727,1,29727,0.0,54868
MZ317806.1,MZ317800.1,100.000,29777,0,0,1,29777,1,29777,0.0,54988
MZ415600.1,MZ376510.1,99.993,29801,2,0,1,29801,21,29821,0.0,55022
MZ450676.1,MZ450369.1,99.993,29813,2,0,1,29813,1,29813,0.0,55044
MW880480.1,MW901691.1,99.997,29874,1,0,1,29874,13,29886,0.0,55130
OK251447.1,MZ619684.1,99.990,29773,2,1,1,29772,21,29793,0.0,54962
ON195156.1,OM245025.1,99.943,29712,11,1,1,29706,37,29748,0.0,54769
OX013477.1,OX642408.1,99.993,29763,2,0,55,29817,45,29807,0.0,54951
OZ062204.1,OZ061988.1,99.973,29789,8,0,1,29789,10,29798,0.0,54964
OW684406.1,OW600296.1,99.997,29746,1,0,55,29800,55,29800,0.0,54924
MW905790.1,OX931411.1,99.950,29867,15,0,1,29867,9,29875,0.0,55070
OX730344.1,MW988204.1,99.983,29784,5,0,38,29821,18,29801,0.0,54975
OQ050832.1,MZ025857.1,99.983,29683,5,0,1,29683,22,29704,0.0,54787
OQ050832.1,MZ025857.1,96.124,129,5,0,29730,29858,29702,29830,2.85e-54,220
MZ619706.1,MZ619859.1,100.000,29827,0,0,1,29827,1,29827,0.0,55077
MW808693.1,MZ636260.1,99.967,29903,10,0,1,29903,1,29903,0.0,55177
PQ617455.1,PQ617835.1,100.000,29778,0,0,1,29778,1,29778,0.0,54990
OQ521688.1,OQ521744.1,99.987,29810,4,0,1,29810,9,29818,0.0,55027
MW780761.1,MW697871.1,100.000,29714,0,0,1,29714,1,29714,0.0,54872
OK112562.1,OK035656.1,100.000,29682,0,0,1,29682,98,29779,0.0,54813
OM091561.1,OM021108.1,99.997,29795,1,0,1,29795,17,29811,0.0,54972
OX552180.1,OX557092.1,99.990,29867,3,0,18,29884,18,29884,0.0,55138
OK512647.1,MZ535310.1,100.000,29686,0,0,1,29686,49,29734,0.0,54820
MW971656.1,MZ075383.1,99.990,29696,3,0,1,29696,50,29745,0.0,54822
OU020825.1,OU136529.1,99.990,29764,3,0,55,29818,25,29788,0.0,54950
ON148780.1,MZ512339.1,99.987,29764,4,0,4,29767,1,29764,0.0,54942
OM181422.1,OK342417.1,99.966,29850,10,0,1,29850,2,29851,0.0,55070
OK219363.1,OL369597.1,99.980,29837,6,0,1,29837,35,29871,0.0,55042
OP143273.1,OP143278.1,100.000,29814,0,0,6,29819,1,29814,0.0,55057
OZ062051.1,OZ064266.1,99.990,29775,3,0,1,29775,1,29775,0.0,54972
OX648237.1,OX572260.1,99.993,29788,2,0,30,29817,30,29817,0.0,54998
PQ281327.1,PQ281334.1,100.000,29787,0,0,1,29787,1,29787,0.0,55007
OM091502.1,OM020986.1,99.993,29795,2,0,1,29795,27,29821,0.0,54966
PQ469638.1,MZ244632.1,99.976,29530,7,0,1,29530,199,29728,0.0,54493
OK248084.1,OK193740.1,99.990,29781,3,0,1,29781,25,29805,0.0,54979
MZ613420.1,MZ281047.1,99.977,29866,7,0,1,29866,9,29874,0.0,55118
MZ448465.1,MZ450522.1,99.983,29787,5,0,1,29787,9,29795,0.0,54983
BS008044.1,BS008064.1,99.993,29764,2,0,1,29764,1,29764,0.0,54953
OZ064378.1,OZ062913.1,99.980,29789,6,0,1,29789,1,29789,0.0,54983
MZ006286.1,MZ028901.1,99.997,29808,1,0,1,29808,31,29838,0.0,55040
OY955894.1,OY939797.1,99.997,29884,1,0,1,29884,1,29884,0.0,55180
PQ803727.1,PQ803731.1,99.993,29703,2,0,1,29703,1,29703,0.0,54841
MZ203005.1,MZ203016.1,99.997,29801,1,0,1,29801,26,29826,0.0,55027
OU222128.1,OU238945.1,99.950,29792,15,0,1,29792,7,29798,0.0,54961
PQ585514.1,PQ454477.1,99.960,29687,12,0,1,29687,67,29753,0.0,54761
OK290159.1,ON316551.1,99.970,29786,9,0,1,29786,16,29801,0.0,54955
OE998060.2,OU136529.1,99.966,29819,10,0,31,29849,1,29819,0.0,55010
OY883666.1,OY942430.1,100.000,29884,0,0,1,29884,1,29884,0.0,55186
OU070204.1,OU070378.1,100.000,29754,0,0,55,29808,55,29808,0.0,54946
OK548233.1,ON344322.1,99.990,29598,3,0,1,29598,85,29682,0.0,54641
OR588879.1,ON344322.1,99.987,29714,4,0,1,29714,53,29766,0.0,54850
MW909222.1,MW999996.1,99.997,29695,1,0,1,29695,1,29695,0.0,54831
MZ241085.1,MZ238096.1,99.993,29777,2,0,1,29777,25,29801,0.0,54977
OP884606.1,OP887997.1,100.000,29802,0,0,1,29802,1,29802,0.0,55034
ON576680.1,OL543847.1,99.980,29831,6,0,1,29831,15,29845,0.0,55055
OK029361.1,MZ995660.1,99.977,29825,7,0,1,29825,1,29825,0.0,55038
PP230911.1,OR420905.1,100.000,29766,0,0,1,29766,1,29766,0.0,54953
MW779290.1,MW943931.1,99.977,29901,7,0,2,29902,1,29901,0.0,55191
MW987292.1,MW930970.1,99.990,29703,3,0,1,29703,1,29703,0.0,54835
OY614452.2,OY949924.1,99.990,29763,3,0,55,29817,55,29817,0.0,54946
OP143319.1,OP143318.1,99.993,29782,2,0,1,29782,31,29812,0.0,54988
MZ259204.1,MZ257824.1,99.987,29888,4,0,2,29889,1,29888,0.0,55145
OL544041.1,MZ188026.1,99.963,29869,11,0,1,29869,30,29898,0.0,55099
MZ642186.1,MW989783.1,99.983,29772,5,0,1,29772,52,29823,0.0,54951
MZ705008.1,OU360832.1,99.970,29796,9,0,1,29796,1,29796,0.0,54974
OU211603.1,OU089460.1,99.967,29855,7,1,1,29852,1,29855,0.0,55073
PP611563.1,PP611866.1,99.993,29727,2,0,1,29727,1,29727,0.0,54885
OK433566.1,OD975241.1,99.990,29706,3,0,1,29706,55,29760,0.0,54842
OX555151.1,MZ025857.1,99.976,29741,7,0,38,29778,38,29778,0.0,54885
OZ065224.1,OZ065148.1,99.966,29768,10,0,1,29768,1,29768,0.0,54929
OU109701.1,OU109694.1,99.997,29855,1,0,1,29855,27,29881,0.0,55129
ON344327.1,ON344318.1,100.000,29827,0,0,1,29827,1,29827,0.0,55081
OM092363.1,OM021108.1,99.997,29811,1,0,1,29811,1,29811,0.0,55001
PQ361580.1,PQ361557.1,100.000,29750,0,0,9,29758,1,29750,0.0,54938
OL896980.1,OL898878.1,99.990,29772,3,0,1,29772,15,29786,0.0,54962
MZ163901.1,MZ450752.1,99.993,29818,2,0,1,29818,1,29818,0.0,55053
MW793594.1,MW808614.1,99.990,29740,3,0,1,29740,113,29852,0.0,54903
PQ094784.1,PQ094900.1,99.976,29580,7,0,1,29580,1,29580,0.0,54591
OK251582.1,OK246920.1,99.980,29749,6,0,1,29749,55,29803,0.0,54903
OM124466.1,OM124673.1,99.970,29785,9,0,1,29785,14,29798,0.0,54970
OK251501.1,OK188017.1,100.000,29781,0,0,1,29781,44,29824,0.0,54996
OZ066614.1,OZ063260.1,99.990,29768,3,0,1,29768,5,29772,0.0,54955
PQ588254.1,PQ588262.1,99.986,29501,4,0,1,29501,1,29501,0.0,54456
PQ783228.1,OX642408.1,99.977,29797,6,1,1,29797,31,29826,0.0,54986
MW942448.1,MW779032.1,99.987,29900,4,0,1,29900,3,29902,0.0,55195
OW681714.1,OW600296.1,99.997,29746,1,0,55,29800,55,29800,0.0,54922
MZ201450.1,MZ354209.1,100.000,29813,0,0,1,29813,1,29813,0.0,55055
MW975450.1,OU054632.1,99.987,29709,4,0,1,29709,55,29763,0.0,54841
OM897713.1,OU072994.1,99.993,29540,2,0,1,29540,180,29719,0.0,54540
OK242951.1,OK295612.1,99.956,29825,11,2,1,29824,11,29834,0.0,55003
OK232159.1,OK232332.1,99.997,29715,1,0,1,29715,31,29745,0.0,54868
OL442126.1,OL442158.1,99.977,29903,7,0,1,29903,1,29903,0.0,55182
OD915340.1,OD915348.1,99.997,29782,1,0,55,29836,55,29836,0.0,54992
MZ322069.1,MZ245089.1,99.993,29777,2,0,1,29777,34,29810,0.0,54977
PQ585510.1,PQ454477.1,99.949,29688,15,0,1,29688,67,29754,0.0,54743
OP143168.1,OP143321.1,99.980,29815,2,1,1,29811,10,29824,0.0,55022
ON577349.1,ON577453.1,99.966,29821,10,0,1,29821,9,29829,0.0,55014
MZ185552.1,OL522306.1,99.943,29890,17,0,1,29890,9,29898,0.0,55127
MW808305.1,MZ636218.1,99.960,29876,12,0,1,29876,28,29903,0.0,55108
OX583294.1,OX557092.1,99.990,29874,3,0,11,29884,11,29884,0.0,55151
OL848778.1,MZ636260.1,99.956,29873,13,0,1,29873,31,29903,0.0,55105
OM181443.1,PP667547.1,99.956,29834,13,0,2,29835,1,29834,0.0,55022
MZ451853.1,MZ164816.1,99.990,29806,3,0,1,29806,31,29836,0.0,55027
OU264984.1,OU265595.1,99.997,29709,1,0,55,29763,55,29763,0.0,54857
OQ691089.1,OQ691182.1,99.970,29536,9,0,1,29536,1,29536,0.0,54493
OY608490.1,OY299519.1,99.997,29763,1,0,55,29817,55,29817,0.0,54957
OL544734.1,MW945260.1,99.990,29714,3,0,1,29714,17,29730,0.0,54855
PQ044106.1,MZ450517.1,99.966,29749,10,0,1,29749,49,29797,0.0,54881
OM092477.1,OM021308.1,99.997,29830,1,0,1,29830,1,29830,0.0,55036
OU356701.1,OU360989.1,99.977,29825,1,1,1,29819,1,29825,0.0,55033
PP186884.1,PP186881.1,100.000,29899,0,0,1,29899,1,29899,0.0,55214
OU260148.1,MZ153453.1,99.990,29708,3,0,55,29762,25,29732,0.0,54844
MZ315133.1,MZ166218.1,99.987,29739,4,0,1,29739,1,29739,0.0,54896
MW963479.1,MZ074659.1,100.000,29709,0,0,1,29709,21,29729,0.0,54863
MZ340518.1,MZ340589.1,99.980,29789,6,0,1,29789,1,29789,0.0,54977
OK231682.1,OK251061.1,99.993,29696,2,0,1,29696,1,29696,0.0,54828
OY610639.2,OU811269.1,100.000,29763,0,0,55,29817,55,29817,0.0,54962
MW943924.1,MW783234.1,99.977,29901,7,0,1,29901,2,29902,0.0,55180
MW808682.1,MZ636260.1,99.930,29873,21,0,1,29873,31,29903,0.0,55075
OV102023.1,OV101583.1,99.977,29832,7,0,18,29849,18,29849,0.0,55051
OQ690978.1,OU072994.1,99.983,29540,5,0,1,29540,180,29719,0.0,54523
OV101766.1,OV101825.1,99.983,29816,4,1,4,29819,4,29818,0.0,55031
ON344763.1,ON344783.1,99.983,29846,5,0,1,29846,24,29869,0.0,55090
OU272919.1,OU284884.1,100.000,29707,0,0,55,29761,55,29761,0.0,54859
ON195501.1,OL416552.1,99.950,29709,9,1,1,29703,61,29769,0.0,54774
OU192460.1,OU187868.1,99.946,29798,16,0,1,29798,7,29804,0.0,54966
OY950562.1,OY942973.1,99.993,29884,2,0,1,29884,1,29884,0.0,55175
MZ520103.1,MZ520101.1,99.983,29764,5,0,1,29764,1,29764,0.0,54937
PP611552.1,OX565613.1,99.983,29727,5,0,1,29727,39,29765,0.0,54868
ON577489.1,MW988204.1,99.970,29825,9,0,1,29825,11,29835,0.0,55027
MZ344999.1,MZ202314.1,99.997,29695,1,0,1,29695,18,29712,0.0,54833
OL601676.1,OD942944.1,99.993,29708,2,0,1,29708,55,29762,0.0,54850
MZ210542.1,MZ212404.1,99.977,29825,7,0,2,29826,1,29825,0.0,55022
OZ062727.1,OZ062785.1,99.987,29796,4,0,2,29797,1,29796,0.0,54999
OU234062.1,OU228288.1,99.987,29709,4,0,55,29763,55,29763,0.0,54841
OZ062240.1,OZ062512.1,99.973,29784,8,0,1,29784,13,29796,0.0,54961
MZ450157.1,MZ164816.1,99.997,29818,1,0,1,29818,28,29845,0.0,55058
OM898296.1,OQ690577.1,99.986,29497,4,0,1,29497,1,29497,0.0,54449
MW825678.1,MZ163798.1,99.997,29782,1,0,1,29782,25,29806,0.0,54992
MZ619744.1,MW989783.1,99.983,29831,4,1,1,29831,28,29857,0.0,55058
OQ690793.1,OQ690794.1,100.000,29540,0,0,1,29540,1,29540,0.0,54551
PQ361585.1,PQ361572.1,99.960,29757,12,0,1,29757,6,29762,0.0,54885
OL416403.1,OK296914.1,99.980,29830,6,0,4,29833,1,29830,0.0,55053
OK341256.1,OK341258.1,99.997,29873,1,0,1,29873,1,29873,0.0,55160
OL543749.1,OL543968.1,99.983,29867,5,0,1,29867,4,29870,0.0,55127
OK252199.1,OK251328.1,99.997,29781,1,0,1,29781,1,29781,0.0,54990
PQ796964.1,PQ796947.1,99.980,29762,6,0,1,29762,1,29762,0.0,54927
MZ244809.1,MZ245156.1,99.970,29887,9,0,1,29887,5,29891,0.0,55127
OK161553.1,OK179048.1,99.990,29820,3,0,1,29820,12,29831,0.0,55053
OZ066706.1,OZ066971.1,99.997,29768,1,0,1,29768,9,29776,0.0,54964
MZ461032.1,MZ461038.1,99.990,29645,3,0,1,29645,21,29665,0.0,54732
MZ185527.1,OL522306.1,99.977,29894,7,0,1,29894,5,29898,0.0,55173
OL601721.1,OU054632.1,99.990,29708,3,0,1,29708,55,29762,0.0,54844
OU232261.1,OE995155.2,99.990,29763,3,0,55,29817,55,29817,0.0,54946
PQ172527.1,MZ451696.1,99.950,29817,11,1,1,29813,4,29820,0.0,54977
OK234665.1,OK295112.1,99.993,29697,2,0,1,29697,42,29738,0.0,54829
ON577629.1,OL543834.1,99.970,29831,9,0,1,29831,2,29832,0.0,55038
PQ094793.1,PQ094794.1,99.986,29580,4,0,1,29580,1,29580,0.0,54606
OY613774.1,OY939797.1,99.990,29763,3,0,55,29817,55,29817,0.0,54950
OL848089.1,OP143263.1,99.993,29782,2,0,1,29782,1,29782,0.0,54986
OK295375.1,OK292675.1,99.983,29900,2,1,1,29897,3,29902,0.0,55158
PP614505.1,OK249327.1,99.980,29720,6,0,17,29736,1,29720,0.0,54850
OQ521763.1,OQ521762.1,99.993,29827,2,0,1,29827,1,29827,0.0,55070
OZ061726.1,OZ062396.1,99.983,29751,5,0,1,29751,26,29776,0.0,54913
OU221998.1,OU169423.1,99.993,29855,2,0,1,29855,31,29885,0.0,55121
OK014822.1,OK014824.1,100.000,29831,0,0,1,29831,1,29831,0.0,55088
MZ153739.1,MZ316093.1,99.993,29818,2,0,1,29818,2,29819,0.0,55053
OY941279.1,OY934812.1,100.000,29884,0,0,1,29884,1,29884,0.0,55186
OW628642.1,OW704504.1,99.977,29799,7,0,11,29809,11,29809,0.0,54999
OX928782.1,OX869638.1,99.960,29809,12,0,39,29847,39,29847,0.0,54998
MZ153035.1,MZ225864.1,99.983,29530,5,0,1,29530,148,29677,0.0,54504
MW990953.1,OL368848.1,99.977,29827,7,0,4,29830,1,29827,0.0,55036
OQ903637.1,OQ903635.1,100.000,29604,0,0,1,29604,1,29604,0.0,54669
OL898856.1,OL898878.1,100.000,29793,0,0,1,29793,1,29793,0.0,55018
OV101741.1,MZ451801.1,99.960,29822,12,0,17,29838,14,29835,0.0,55005
OM020914.1,OM021108.1,100.000,29795,0,0,1,29795,17,29811,0.0,54977
OU242377.1,OU054632.1,99.970,29709,9,0,55,29763,55,29763,0.0,54813
OY946588.1,OY943165.1,99.990,29884,3,0,1,29884,1,29884,0.0,55169
MZ201382.1,MZ316509.1,99.993,29821,2,0,1,29821,1,29821,0.0,55058
OX586949.1,OX569358.1,99.980,29852,6,0,39,29890,39,29890,0.0,55086
OD999143.2,OD998926.2,100.000,29763,0,0,55,29817,55,29817,0.0,54962
MZ232694.1,MZ232697.1,99.963,29516,11,0,1,29516,1,29516,0.0,54466
OW600997.1,OW601064.1,99.997,29776,1,0,22,29797,22,29797,0.0,54968
OK547761.1,PP122119.1,99.986,29598,4,0,1,29598,86,29683,0.0,54636
OP143245.1,OL844505.1,99.993,29782,2,0,1,29782,17,29798,0.0,54986
OQ691081.1,OK252498.1,99.983,29536,5,0,1,29536,148,29683,0.0,54516
OX571641.1,OX575084.1,100.000,29785,0,0,39,29823,39,29823,0.0,54999
MW747950.1,ON344556.1,99.993,29727,2,0,1,29727,30,29756,0.0,54887
OQ691349.1,OQ691380.1,100.000,29510,0,0,1,29510,1,29510,0.0,54495
PP122142.1,ON344524.1,99.990,29844,2,1,4,29847,1,29843,0.0,55094
MZ451837.1,MZ451829.1,99.997,29836,1,0,2,29837,1,29836,0.0,55094
OR314213.1,PP522228.1,99.973,29811,8,0,1,29811,23,29833,0.0,55007
ON017650.1,OM182129.1,99.940,29830,18,0,1,29830,14,29843,0.0,55020
OK512535.1,OK234976.1,100.000,29750,0,0,1,29750,1,29750,0.0,54938
ON017766.1,ON017713.1,99.997,29735,1,0,1,29735,1,29735,0.0,54839
OZ061766.1,OU793376.1,99.956,29770,12,1,1,29770,32,29800,0.0,54902
OU184576.1,OU184592.1,99.993,29849,2,0,1,29849,1,29849,0.0,55108
OX014429.1,OX014451.1,99.993,29763,2,0,55,29817,55,29817,0.0,54951
OU263648.1,MZ501382.1,99.973,29764,8,0,55,29818,13,29776,0.0,54920
MZ450455.1,MZ450522.1,99.990,29817,3,0,1,29817,1,29817,0.0,55046
OQ899960.1,OQ900811.1,99.980,29684,6,0,1,29684,1,29684,0.0,54791
PQ361578.1,PQ361551.1,99.990,29758,3,0,1,29758,1,29758,0.0,54937
OV101547.1,OV101748.1,99.963,29845,11,0,7,29851,7,29851,0.0,55053
OU117189.1,OU125533.1,99.977,29789,7,0,1,29789,22,29810,0.0,54981
MW958175.2,ON344783.1,99.987,29827,4,0,1,29827,37,29863,0.0,55058
MW668527.1,OP143435.1,99.976,29782,7,0,1,29782,22,29803,0.0,54959
OQ050801.1,MZ025857.1,99.987,29675,4,0,1,29675,29,29703,0.0,54778
OQ050801.1,MZ025857.1,100.000,85,0,0,29725,29809,29704,29788,2.26e-35,158
OM020580.1,OM092526.1,99.987,29795,4,0,1,29795,1,29795,0.0,54955
PP611584.1,PP611580.1,100.000,29727,0,0,1,29727,1,29727,0.0,54896
OZ064428.1,OZ065241.1,99.970,29768,6,1,1,29765,8,29775,0.0,54920
OZ065745.1,OZ066465.1,100.000,29768,0,0,1,29768,1,29768,0.0,54972
BS007933.1,BS008014.1,99.990,29764,3,0,1,29764,1,29764,0.0,54948
MZ473593.1,MZ281047.1,99.963,29773,2,2,1,29773,44,29807,0.0,54914
PQ362875.1,PQ362877.1,100.000,29818,0,0,1,29818,1,29818,0.0,55064
OM091507.1,OM021108.1,99.997,29795,1,0,1,29795,17,29811,0.0,54972
FR992358.1,OU221209.1,99.973,29830,8,0,1,29830,10,29839,0.0,55042
MZ780769.1,MZ780801.1,99.943,29819,16,1,1,29818,23,29841,0.0,54999
MW903045.1,MZ499749.1,100.000,29713,0,0,1,29713,40,29752,0.0,54870
OQ691130.1,MZ354440.1,99.990,29510,3,0,1,29510,172,29681,0.0,54479
MW986767.1,MW930970.1,99.993,29704,2,0,1,29704,1,29704,0.0,54842
PP611551.1,OY934557.1,99.973,29728,8,0,1,29728,38,29765,0.0,54854
PQ585542.1,PQ361551.1,99.983,29687,5,0,1,29687,26,29712,0.0,54794
OX588224.1,OY903418.1,100.000,29797,0,0,2,29798,40,29836,0.0,55025
OR389477.1,OR389474.1,100.000,29828,0,0,1,29828,1,29828,0.0,55075
MW808317.1,MZ636260.1,99.946,29894,16,0,1,29894,10,29903,0.0,55129
OQ690470.1,OQ690505.1,99.983,29531,5,0,1,29531,1,29531,0.0,54506
OM175645.1,OW107115.1,99.966,29762,10,0,12,29773,51,29812,0.0,54905
MZ316140.1,MW989783.1,99.990,29820,3,0,1,29820,28,29847,0.0,55051
OU105355.1,OU136181.1,99.997,29756,1,0,1,29756,15,29770,0.0,54946
PQ803713.1,PQ361551.1,99.987,29705,4,0,1,29705,32,29736,0.0,54833
OU367756.1,OU367751.1,99.990,29698,3,0,6,29703,1,29698,0.0,54817
OU367756.1,OU367751.1,99.225,129,1,0,29750,29878,29745,29873,4.77e-52,213
MZ354459.1,MZ571326.1,99.993,29795,2,0,1,29795,6,29800,0.0,55010
MZ237861.1,MZ228223.1,99.997,29827,1,0,1,29827,1,29827,0.0,55075
OL522313.1,OL526390.1,99.963,29889,11,0,1,29889,1,29889,0.0,55136
MW808426.1,MW808748.1,99.973,29893,8,0,1,29893,10,29902,0.0,55171
MZ322448.1,MZ322449.1,100.000,29773,0,0,1,29773,1,29773,0.0,54977
OL477286.1,MZ146259.1,99.990,29706,3,0,1,29706,9,29714,0.0,54841
OK235261.1,OK233511.1,99.990,29650,3,0,1,29650,64,29713,0.0,54737
OK252867.1,OK219098.1,99.990,29781,3,0,1,29781,17,29797,0.0,54979
PQ097915.1,PQ783322.1,99.976,29701,7,0,1,29701,19,29719,0.0,54809
OR299308.1,OR298795.1,99.956,29817,13,0,1,29817,8,29824,0.0,55014
OU369396.1,OU125533.1,99.993,29813,2,0,1,29813,13,29825,0.0,55042
MW640231.1,MW719517.1,99.983,29713,5,0,1,29713,16,29728,0.0,54844
MW805176.1,MW733532.1,99.997,29782,1,0,1,29782,1,29782,0.0,54992
MW930760.1,MW930772.1,99.997,29893,1,0,1,29893,1,29893,0.0,55197
MZ316227.1,MW931091.1,99.980,29820,6,0,2,29821,1,29820,0.0,55036
OU185713.1,OU185839.1,99.956,29641,13,0,1,29641,25,29665,0.0,54684
OY955414.1,OY903418.1,99.993,29884,2,0,1,29884,1,29884,0.0,55175
PQ094849.1,PQ094792.1,99.929,29580,21,0,1,29580,1,29580,0.0,54532
PQ588282.1,PQ649283.1,99.990,29501,3,0,1,29501,1,29501,0.0,54462
OX569503.1,OX569358.1,99.997,29851,1,0,40,29890,40,29890,0.0,55114
PP614393.1,MW989783.1,99.987,29734,4,0,1,29734,37,29770,0.0,54887
MZ520097.1,MZ520104.1,99.997,29764,1,0,1,29764,1,29764,0.0,54959
PQ783360.1,MZ163256.1,99.953,29796,14,0,1,29796,12,29807,0.0,54946
OL601653.1,OU054632.1,99.997,29708,1,0,1,29708,55,29762,0.0,54855
BS008086.1,BS008014.1,99.970,29764,9,0,1,29764,1,29764,0.0,54914
OK248686.1,OK296795.1,99.990,29781,3,0,1,29781,53,29833,0.0,54979
OK232402.1,OK292569.1,100.000,29696,0,0,1,29696,39,29734,0.0,54839
MZ259479.1,MZ083139.1,99.977,29895,7,0,2,29896,1,29895,0.0,55160
OU112325.1,OU111993.1,100.000,29737,0,0,1,29737,3,29739,0.0,54914
MZ245105.1,MZ185556.1,99.960,29893,12,0,1,29893,3,29895,0.0,55132
OU057828.1,OU058039.1,100.000,29709,0,0,55,29763,55,29763,0.0,54863
MW963384.1,MW990833.1,100.000,29752,0,0,1,29752,21,29772,0.0,54942
MZ015488.1,MZ159046.1,99.987,29858,4,0,1,29858,24,29881,0.0,55123
OK035573.1,OK161572.1,99.997,29797,1,0,1,29797,32,29828,0.0,55020
OW684872.1,OW686043.1,99.970,29793,6,1,8,29797,8,29800,0.0,54964
OK109584.1,OK295612.1,99.923,29781,16,3,1,29774,54,29834,0.0,54861
ON576682.1,ON577476.1,99.960,29824,12,0,3,29826,1,29824,0.0,55009
MZ193873.1,MZ192710.1,99.956,29811,13,0,2,29812,1,29811,0.0,55003
OM021019.1,OM021108.1,100.000,29795,0,0,1,29795,17,29811,0.0,54977
OM897949.1,OZ061796.1,99.983,29510,5,0,1,29510,163,29672,0.0,54469
OW691791.1,OW598900.1,99.980,29746,3,1,55,29797,55,29800,0.0,54892
MZ152928.1,MZ245169.1,99.973,29527,7,1,1,29527,198,29723,0.0,54480
MZ705607.1,MW988204.1,99.950,29755,6,1,1,29746,11,29765,0.0,54855
ON344517.1,ON344832.1,99.990,29846,3,0,1,29846,23,29868,0.0,55099
OU199115.1,OU174697.2,100.000,29800,0,0,1,29800,39,29838,0.0,55031
PQ585518.1,PQ361551.1,99.993,29687,2,0,1,29687,26,29712,0.0,54811
OZ064745.1,OZ064799.1,99.990,29768,3,0,1,29768,1,29768,0.0,54957
OQ521756.1,OQ521747.1,99.983,29819,5,0,1,29819,1,29819,0.0,55038
MW986597.1,PP615172.1,99.983,29703,5,0,1,29703,33,29735,0.0,54824
PQ617433.1,PQ617801.1,100.000,29778,0,0,1,29778,1,29778,0.0,54990
OZ064269.1,OZ065212.1,99.983,29768,5,0,1,29768,1,29768,0.0,54944
MZ149735.1,MZ149612.1,99.997,29864,1,0,1,29864,1,29864,0.0,55143
PQ635233.1,ON344322.1,99.970,29540,9,0,1,29540,200,29739,0.0,54501
OL601680.1,OU054632.1,99.983,29708,5,0,1,29708,55,29762,0.0,54833
OU251244.1,OU054632.1,99.973,29709,6,1,55,29761,55,29763,0.0,54817
PP630778.1,OM124602.1,100.000,29743,0,0,1,29743,41,29783,0.0,54926
MW944365.1,MW966353.1,99.993,29899,2,0,1,29899,3,29901,0.0,55186
OU118578.1,OU118606.1,99.997,29762,1,0,33,29794,1,29762,0.0,54955
MZ315713.1,MZ316021.1,100.000,29821,0,0,1,29821,1,29821,0.0,55070
OZ062545.1,OZ063174.1,99.983,29768,5,0,1,29768,23,29790,0.0,54948
PQ783364.1,PQ783341.1,99.980,29796,6,0,1,29796,4,29799,0.0,54990
OQ691146.1,OQ691200.1,99.963,29536,11,0,1,29536,1,29536,0.0,54482
MZ322056.1,MZ237231.1,99.990,29777,3,0,1,29777,25,29801,0.0,54972
OK234972.1,OK249859.1,99.997,29695,1,0,1,29695,1,29695,0.0,54831
ON344515.1,MW731382.1,99.993,29848,2,0,1,29848,20,29867,0.0,55108
MZ703688.1,MZ685635.1,100.000,29823,0,0,4,29826,1,29823,0.0,55073
MZ054875.1,MZ025857.1,99.980,29740,6,0,1,29740,33,29772,0.0,54887
MZ619825.1,MZ148323.1,99.997,29827,0,1,1,29827,31,29856,0.0,55073
PP614146.1,OL416552.1,99.997,29753,1,0,1,29753,29,29781,0.0,54938
OP143327.1,ON344489.1,99.997,29825,1,0,1,29825,10,29834,0.0,55071
OW626435.1,OW630467.1,99.980,29746,6,0,55,29800,55,29800,0.0,54909
MW778463.1,MW779193.1,99.980,29903,6,0,1,29903,1,29903,0.0,55193
MW793158.1,MW808753.1,99.990,29781,3,0,1,29781,25,29805,0.0,54979
OM020631.1,OL896936.1,99.956,29822,13,0,1,29822,11,29832,0.0,55022
OU266859.1,OU054632.1,99.970,29709,9,0,55,29763,55,29763,0.0,54813
MZ372476.1,MZ074549.1,99.926,29718,22,0,1,29718,48,29765,0.0,54761
PQ803707.1,PQ361595.1,99.970,29709,9,0,1,29709,32,29740,0.0,54813
MW804845.1,MW733532.1,99.997,29782,1,0,1,29782,1,29782,0.0,54992
MZ451833.1,MZ451825.1,99.987,29836,4,0,1,29836,1,29836,0.0,55081
OU232243.1,OX642408.1,99.983,29763,5,0,55,29817,45,29807,0.0,54935
OZ065230.1,OZ065229.1,99.997,29768,1,0,27,29794,1,29768,0.0,54968
MZ084615.1,MZ349542.1,99.997,29901,1,0,1,29901,3,29903,0.0,55201
MW808241.1,MW808324.1,99.953,29892,8,1,1,29886,12,29903,0.0,55125
OK292507.1,OK294588.1,99.977,29902,7,0,1,29902,1,29902,0.0,55175
OU283386.1,OU284884.1,100.000,29707,0,0,55,29761,55,29761,0.0,54859
OY613417.1,OY330447.1,99.990,29763,3,0,55,29817,55,29817,0.0,54946
MZ684377.1,MZ685635.1,99.993,29818,2,0,1,29818,4,29821,0.0,55053
OP862972.1,PP522159.1,99.976,29758,7,0,1,29758,1,29758,0.0,54918
OK154764.1,OK234977.1,99.990,29778,3,0,1,29778,1,29778,0.0,54974
OZ062166.1,OZ062163.1,99.987,29768,4,0,3,29770,1,29768,0.0,54953
OL848718.1,OL848777.1,99.997,29887,1,0,13,29899,1,29887,0.0,55186
OK547378.1,OK548098.1,100.000,29598,0,0,1,29598,1,29598,0.0,54658
OK548186.1,PQ617972.1,99.986,29598,4,0,1,29598,38,29635,0.0,54636
OL312933.1,OL312938.1,100.000,29776,0,0,1,29776,51,29826,0.0,54986
OL345217.1,OL416552.1,99.976,29787,4,1,1,29784,3,29789,0.0,54964
PQ645989.1,PQ645946.1,99.905,29536,0,1,1,29508,1,29536,0.0,54362
OQ690771.1,OQ690770.1,100.000,29522,0,0,1,29522,1,29522,0.0,54517
OY621507.2,OX642408.1,99.990,29764,2,1,55,29818,45,29807,0.0,54946
OL601835.1,OU054632.1,99.990,29708,3,0,1,29708,55,29762,0.0,54844
OE996464.2,OY939797.1,99.990,29820,2,1,30,29849,30,29848,0.0,55049
OX013622.1,OX014451.1,99.987,29763,4,0,55,29817,55,29817,0.0,54940
MZ195519.1,MZ195520.1,99.963,29874,11,0,1,29874,25,29898,0.0,55103
OK235079.1,OL416552.1,99.983,29778,5,0,1,29778,38,29815,0.0,54962
OZ028119.1,OU261205.1,100.000,29764,0,0,55,29818,55,29818,0.0,54964
MW636865.1,MW883283.1,99.997,29713,1,0,1,29713,53,29765,0.0,54865
MW768023.1,MZ779407.1,99.987,29836,4,0,4,29839,1,29836,0.0,55079
MW944788.1,MW966397.1,100.000,29756,0,0,1,29756,18,29773,0.0,54950
OQ690248.1,OU135800.1,99.980,29522,6,0,1,29522,148,29669,0.0,54484
MZ619874.1,MZ619819.1,99.990,29827,3,0,1,29827,1,29827,0.0,55060
PP122188.1,PP122209.1,99.940,29881,17,1,1,29880,2,29882,0.0,55079
MZ705529.1,OL543971.1,99.987,29818,4,0,1,29818,1,29818,0.0,55042
MW987164.1,MW989783.1,99.987,29703,4,0,1,29703,52,29754,0.0,54829
PQ667881.1,PQ635324.1,99.980,29521,6,0,1,29521,1,29521,0.0,54484
OD974984.1,MZ779385.1,99.976,29764,7,0,55,29818,52,29815,0.0,54927
MZ149753.1,MZ149838.1,99.970,29842,9,0,1,29842,1,29842,0.0,55058
MW931000.1,MW989787.1,99.980,29749,6,0,1,29749,52,29800,0.0,54903
OK189364.1,OK251061.1,99.980,29522,6,0,1,29522,148,29669,0.0,54484
OZ061647.1,OZ062065.1,99.983,29790,5,0,1,29790,12,29801,0.0,54977
MW930038.1,MW989783.1,99.987,29772,4,0,1,29772,52,29823,0.0,54957
OU273199.1,OU273431.1,99.997,29709,1,0,55,29763,55,29763,0.0,54859
MW989195.1,MW932389.1,99.997,29709,1,0,1,29709,25,29733,0.0,54857
MZ257534.1,MZ245156.1,99.970,29876,9,0,1,29876,15,29890,0.0,55110
MZ451818.1,MZ451825.1,99.987,29836,4,0,1,29836,1,29836,0.0,55077
PQ645240.1,PQ635323.1,99.993,29521,2,0,1,29521,1,29521,0.0,54504
MZ450576.1,MZ450522.1,99.990,29816,3,0,1,29816,1,29816,0.0,55044
OX584142.1,OY939797.1,99.980,29859,6,0,26,29884,26,29884,0.0,55116
MW804949.1,MW719517.1,99.976,29782,7,0,1,29782,16,29797,0.0,54961
OU360698.1,OU361508.1,99.990,29868,3,0,1,29868,1,29868,0.0,55138
MW736707.1,ON344524.1,99.997,29816,1,0,1,29816,32,29847,0.0,55055
OR611310.1,ON344202.1,99.980,29743,6,0,1,29743,14,29756,0.0,54892
OK183353.1,OK510976.1,99.960,29684,12,0,1,29684,16,29699,0.0,54769
OL544738.1,MZ086661.1,99.997,29759,1,0,1,29759,9,29767,0.0,54950
OP143230.1,OL848119.1,99.997,29808,1,0,1,29808,12,29819,0.0,55042
MW985146.1,PQ801956.1,99.997,29704,1,0,1,29704,12,29715,0.0,54848
ON344493.1,ON344496.1,100.000,29850,0,0,1,29850,1,29850,0.0,55123
OY597760.1,OY589715.1,99.997,29763,1,0,55,29817,55,29817,0.0,54959
PP614166.1,MZ257255.1,99.980,29693,6,0,1,29693,10,29702,0.0,54800
OL896971.1,OM021120.1,99.997,29811,1,0,1,29811,18,29828,0.0,55003
PQ094803.1,PQ094804.1,99.990,29580,3,0,1,29580,1,29580,0.0,54601
OY612029.2,OY607388.2,99.993,29765,2,0,55,29819,55,29819,0.0,54959
OK232422.1,OK295612.1,99.963,29747,9,2,1,29746,72,29817,0.0,54870
OL580021.1,MW988204.1,99.953,29791,8,1,1,29785,21,29811,0.0,54938
MW942787.1,MW943566.1,99.970,29801,9,0,1,29801,8,29808,0.0,54992
PQ454462.1,PQ454447.1,99.966,29790,10,0,3,29792,1,29790,0.0,54957
PP186893.1,PP186881.1,100.000,29891,0,0,1,29891,9,29899,0.0,55199
OX587525.1,OX642408.1,99.997,29796,1,0,2,29797,30,29825,0.0,55018
MZ702213.1,MZ685635.1,99.997,29777,1,0,1,29777,22,29798,0.0,54983
MW966936.1,MW777797.1,99.970,29899,9,0,1,29899,2,29900,0.0,55151
ON344564.1,MZ636237.1,99.963,29875,10,1,1,29875,2,29875,0.0,55108
MZ316504.1,MW988204.1,99.987,29825,4,0,1,29825,11,29835,0.0,55055
OU215395.1,OU215373.1,100.000,29823,0,0,27,29849,27,29849,0.0,55073
OZ065151.1,OZ065249.1,100.000,29772,0,0,1,29772,1,29772,0.0,54975
MW986757.1,MZ146259.1,99.990,29703,3,0,1,29703,1,29703,0.0,54835
OZ062281.1,OZ062024.1,99.940,29762,12,1,1,29756,30,29791,0.0,54855
PQ803726.1,PQ803697.1,99.956,29715,13,0,1,29715,1,29715,0.0,54824
OK242300.1,OK240775.1,99.990,29769,0,1,1,29766,1,29769,0.0,54953
PQ094815.1,PQ094785.1,99.970,29580,9,0,1,29580,1,29580,0.0,54586
PP299692.1,PP142018.1,99.993,29845,2,0,1,29845,1,29845,0.0,55103
MW793569.1,MW796843.1,99.963,29791,11,0,1,29791,10,29800,0.0,54966
MZ619935.1,MZ619684.1,99.997,29817,1,0,1,29817,7,29823,0.0,55055
PQ635238.1,PQ635263.1,99.980,29521,6,0,1,29521,1,29521,0.0,54482
OU079761.1,OU079770.1,99.977,29864,7,0,1,29864,1,29864,0.0,55114
OU071982.1,OU071975.1,99.997,29790,1,0,1,29790,1,29790,0.0,55007
MZ184505.1,MZ195797.1,99.983,29896,5,0,1,29896,2,29897,0.0,55184
OX539230.1,OY903418.1,99.987,29846,4,0,39,29884,39,29884,0.0,55095
OU081902.1,OU160578.1,99.980,29855,6,0,1,29855,23,29877,0.0,55095
OQ521799.1,OQ521800.1,100.000,29818,0,0,1,29818,1,29818,0.0,55064
OZ065200.1,OZ065241.1,99.943,29768,11,1,1,29762,8,29775,0.0,54874
OL522199.1,OL526390.1,99.963,29868,11,0,1,29868,1,29868,0.0,55097
OM021164.1,OM092676.1,100.000,29795,0,0,1,29795,1,29795,0.0,54977
OX597528.1,OY952724.1,99.980,29874,6,0,11,29884,11,29884,0.0,55134
OX572809.1,OX580408.1,100.000,29846,0,0,39,29884,39,29884,0.0,55112
MW915150.1,MW915224.1,99.990,29749,3,0,1,29749,1,29749,0.0,54920
OU054964.1,OU054927.1,99.990,29709,3,0,55,29763,55,29763,0.0,54850
OR584767.1,OR584766.1,100.000,29824,0,0,1,29824,3,29826,0.0,55075
PQ588229.1,PQ649221.1,99.997,29505,1,0,1,29505,1,29505,0.0,54480
OQ050288.1,OQ050785.1,99.990,29676,3,0,1,29676,7,29682,0.0,54789
OQ050288.1,OQ050785.1,100.000,86,0,0,29726,29811,29732,29817,6.29e-36,159
OZ066622.1,OZ062785.1,99.983,29776,5,0,1,29776,21,29796,0.0,54962
OL848100.1,OP143299.1,99.990,29824,3,0,2,29825,1,29824,0.0,55058
OL601719.1,OU054632.1,99.993,29708,2,0,1,29708,55,29762,0.0,54850
OK250883.1,OK249578.1,100.000,29781,0,0,1,29781,1,29781,0.0,54996
MW985564.1,MW989783.1,99.983,29704,5,0,1,29704,52,29755,0.0,54826
MZ636189.1,MZ636309.1,99.993,29903,2,0,1,29903,1,29903,0.0,55210
OW681256.1,OW595028.1,99.997,29737,1,0,55,29791,55,29791,0.0,54907
OL896978.1,OL896979.1,99.990,29767,3,0,1,29767,10,29776,0.0,54955
OY612263.1,OY612084.1,100.000,29836,0,0,5,29840,6,29841,0.0,55075
OK023055.1,OK296914.1,99.963,29830,11,0,1,29830,26,29855,0.0,55025
PP122164.1,PP122277.1,99.983,29846,5,0,1,29846,1,29846,0.0,55088
MW808599.1,MW808311.1,99.980,29897,6,0,7,29903,1,29897,0.0,55186
PQ783349.1,OX569358.1,99.970,29799,9,0,1,29799,37,29835,0.0,54981
OQ691094.1,OK252350.1,99.963,29537,9,2,1,29536,148,29683,0.0,54482
ON577462.1,MW988204.1,99.973,29825,8,0,1,29825,11,29835,0.0,55033
MZ322070.1,MZ194484.1,99.993,29777,2,0,1,29777,19,29795,0.0,54977
MZ450559.1,MZ450168.1,99.997,29814,1,0,1,29814,1,29814,0.0,55051
MW963399.1,MW963383.1,99.976,29756,7,0,1,29756,1,29756,0.0,54911
ON344627.1,MW808730.1,99.980,29843,6,0,1,29843,4,29846,0.0,55077
OK246840.1,OK246522.1,99.987,29902,4,0,1,29902,1,29902,0.0,55197
PQ585508.1,PQ454456.1,99.970,29690,9,0,1,29690,63,29752,0.0,54780
MZ703807.1,MW988204.1,99.960,29823,12,0,1,29823,11,29833,0.0,55007
PQ094847.1,PQ094846.1,99.983,29580,5,0,1,29580,1,29580,0.0,54602
MZ780315.1,MW709181.1,99.977,29867,7,0,1,29867,1,29867,0.0,55116
MZ325421.1,MZ325845.1,99.997,29789,1,0,1,29789,1,29789,0.0,55005
OD906233.1,OY370048.1,100.000,29782,0,0,55,29836,55,29836,0.0,54998
OY611215.2,OX642408.1,99.990,29763,3,0,55,29817,45,29807,0.0,54950
OK252593.1,OK248567.1,100.000,29780,0,0,1,29780,1,29780,0.0,54994
OX013570.1,OX642408.1,99.970,29763,9,0,55,29817,45,29807,0.0,54913
OM180045.1,OM180052.1,100.000,29853,0,0,1,29853,2,29854,0.0,55129
OL442124.1,OL442158.1,99.977,29903,7,0,1,29903,1,29903,0.0,55182
OK295803.1,OK296565.1,99.973,29884,8,0,1,29884,1,29884,0.0,55145
OK027118.1,OK193740.1,99.977,29820,7,0,1,29820,9,29828,0.0,55029
MZ317891.1,MZ317893.1,100.000,29784,0,0,1,29784,1,29784,0.0,55001
MW772059.1,MW758864.1,99.916,29867,19,1,1,29861,24,29890,0.0,55007
OQ691184.1,OK252498.1,99.993,29536,2,0,1,29536,148,29683,0.0,54532
MZ619842.1,MZ620012.1,99.997,29827,1,0,1,29827,16,29842,0.0,55071
OX012838.1,OY611888.1,99.976,29763,7,0,55,29817,55,29817,0.0,54924
OE996543.2,OE996753.2,99.993,29763,2,0,55,29817,55,29817,0.0,54951
ON576867.1,ON577343.1,99.970,29831,9,0,1,29831,1,29831,0.0,55038
OK248557.1,MW989783.1,99.963,29772,11,0,1,29772,52,29823,0.0,54918
OZ062804.1,OZ064354.1,99.973,29768,8,0,1,29768,1,29768,0.0,54931
MZ171859.1,MZ179262.1,99.953,29540,7,2,1,29540,148,29680,0.0,54466
MW733387.1,MW763463.1,99.997,29782,1,0,1,29782,1,29782,0.0,54992
OM092336.1,OL896988.1,100.000,29795,0,0,1,29795,1,29795,0.0,54977
MZ702231.1,MZ319405.1,99.983,29777,5,0,1,29777,1,29777,0.0,54961
OK249138.1,OL312953.1,100.000,29781,0,0,1,29781,1,29781,0.0,54996
FR993011.1,PP186881.1,99.970,29857,9,0,5,29861,1,29857,0.0,55086
OX014238.1,OY611888.1,99.980,29763,6,0,55,29817,55,29817,0.0,54929
PQ361575.1,PQ361551.1,99.973,29758,8,0,1,29758,1,29758,0.0,54909
PQ458236.1,PQ454477.1,99.953,29548,14,0,1,29548,147,29694,0.0,54488
OM092499.1,OM091530.1,99.997,29828,1,0,1,29828,3,29830,0.0,55033
OQ050813.1,OQ050817.1,99.973,29654,8,0,1,29654,29,29682,0.0,54717
OQ050813.1,OQ050817.1,100.000,88,0,0,29704,29791,29732,29819,4.86e-37,163
MW930757.1,MW930772.1,99.997,29893,1,0,1,29893,1,29893,0.0,55197
OM898353.1,OM897835.1,99.980,29510,6,0,1,29510,1,29510,0.0,54462
OZ066638.1,OZ061779.1,99.983,29768,5,0,1,29768,9,29776,0.0,54944
OY338614.1,OY943165.1,99.987,29836,4,0,8,29843,8,29843,0.0,55075
OV917377.1,OU572571.1,99.997,29779,1,0,28,29806,28,29806,0.0,54986
MZ702153.1,OL543623.1,99.987,29777,4,0,1,29777,27,29803,0.0,54966
OQ691091.1,OQ691073.1,100.000,29521,0,0,1,29521,1,29521,0.0,54516
MZ349162.1,MZ349542.1,99.990,29899,3,0,1,29899,5,29903,0.0,55190
MZ512347.1,MZ558287.1,99.997,29770,1,0,1,29770,1,29770,0.0,54970
OK110218.1,OK193740.1,99.946,29781,12,1,1,29777,25,29805,0.0,54903
OM135962.1,OM135960.1,99.993,29794,2,0,8,29801,1,29794,0.0,55009
OK249496.1,OK249997.1,100.000,29749,0,0,1,29749,1,29749,0.0,54937
PQ362862.1,PQ362870.1,99.963,29818,8,1,1,29815,1,29818,0.0,54999
OL474214.1,OL474155.1,99.990,29704,3,0,3,29706,1,29704,0.0,54837
OU117871.1,MW598416.1,99.950,29822,6,3,31,29843,31,29852,0.0,54979
MW870099.1,MW870154.1,100.000,29713,0,0,1,29713,1,29713,0.0,54870
OL345077.1,OL345061.1,100.000,29803,0,0,1,29803,2,29804,0.0,55036
PQ645238.1,MZ146259.1,99.973,29530,8,0,1,29530,148,29677,0.0,54488
OK252255.1,OK029100.1,99.993,29781,2,0,1,29781,25,29805,0.0,54985
OR857010.1,OR857011.1,99.956,29850,13,0,1,29850,6,29855,0.0,55023
MZ434416.1,MZ164816.1,99.963,29787,11,0,1,29787,40,29826,0.0,54966
MW932379.1,MW901816.1,100.000,29826,0,0,1,29826,30,29855,0.0,55079
PQ617528.1,PQ617897.1,100.000,29769,0,0,1,29769,1,29769,0.0,54974
PQ617539.1,PQ617913.1,100.000,29760,0,0,1,29760,1,29760,0.0,54957
OE996862.2,OE996861.2,100.000,29789,0,0,30,29818,30,29818,0.0,55010
OU232249.1,OX642408.1,99.963,29763,11,0,55,29817,45,29807,0.0,54902
PQ783404.1,PQ783322.1,99.956,29801,13,0,1,29801,6,29806,0.0,54966
ON576690.1,ON577453.1,99.977,29831,7,0,1,29831,1,29831,0.0,55049
MZ188281.1,OL522190.1,99.950,29879,12,1,1,29879,20,29895,0.0,55108
OR319936.1,MW758728.1,99.987,29894,4,0,1,29894,5,29898,0.0,55151
OX638737.1,OX554680.1,100.000,29785,0,0,39,29823,39,29823,0.0,54996
MZ319437.1,MZ320533.1,100.000,29777,0,0,1,29777,1,29777,0.0,54988
OX012826.1,OX642408.1,99.980,29763,6,0,55,29817,45,29807,0.0,54931
OK296697.1,OK296422.1,99.957,29894,13,0,2,29895,1,29894,0.0,55151
OP143218.1,OP143089.1,99.993,29782,2,0,1,29782,48,29829,0.0,54986
OK233285.1,OK291350.1,100.000,29779,0,0,1,29779,40,29818,0.0,54992
MW907323.1,OK191242.1,100.000,29809,0,0,5,29813,1,29809,0.0,55047
ON344265.1,MZ636309.1,99.990,29851,3,0,1,29851,2,29852,0.0,55108
OU366745.1,OU110072.1,99.973,29836,8,0,1,29836,6,29841,0.0,55057
MZ172264.1,MZ172257.1,99.997,29516,1,0,1,29516,1,29516,0.0,54501
OR857008.1,OR857011.1,99.950,29853,15,0,1,29853,8,29860,0.0,55010
MZ449743.1,OU150313.1,99.973,29815,8,0,1,29815,31,29845,0.0,55014
OD948087.1,OK439310.1,99.997,29709,1,0,55,29763,31,29739,0.0,54857
OX563357.1,OY952724.1,99.983,29845,5,0,40,29884,40,29884,0.0,55088
MZ320531.1,MZ319411.1,99.987,29777,4,0,1,29777,1,29777,0.0,54966
MZ149879.1,OK246911.1,99.993,29839,2,0,1,29839,55,29893,0.0,55092
MW971628.1,MW971648.1,100.000,29695,0,0,1,29695,1,29695,0.0,54837
OU054349.1,OU257452.1,99.993,29764,2,0,55,29818,55,29818,0.0,54953
OX656091.1,OX570879.1,99.997,29851,1,0,34,29884,34,29884,0.0,55121
OW630541.1,OW597242.1,99.993,29755,2,0,43,29797,43,29797,0.0,54933
MZ180686.1,MZ340635.1,99.980,29701,6,0,1,29701,5,29705,0.0,54815
OK248706.1,OK248666.1,100.000,29781,0,0,1,29781,1,29781,0.0,54996
PQ649273.1,OW692719.1,99.990,29505,3,0,1,29505,202,29706,0.0,54469
OP884690.1,OP886783.1,100.000,29796,0,0,1,29796,1,29796,0.0,55020
OU057800.1,OU066750.1,100.000,29709,0,0,55,29763,55,29763,0.0,54863
OV101764.1,OV101571.1,99.956,29802,12,1,18,29819,18,29818,0.0,54961
OU367711.1,OU125533.1,99.990,29699,3,0,6,29704,1,29699,0.0,54831
OU367711.1,OU125533.1,97.674,129,3,0,29751,29879,29697,29825,1.70e-56,228
OK112505.1,OK252723.1,99.997,29682,1,0,1,29682,82,29763,0.0,54807
OU361370.1,OU361350.1,100.000,29871,0,0,8,29878,1,29871,0.0,55158
OU169602.2,MZ153453.1,99.993,29708,2,0,55,29762,25,29732,0.0,54850
OX550619.1,OX543171.1,99.997,29852,1,0,39,29890,39,29890,0.0,55116
MW986850.1,MW930137.1,99.997,29703,0,1,1,29703,1,29702,0.0,54844
OZ065490.1,OZ065534.1,99.987,29765,4,0,4,29768,1,29765,0.0,54946
ON017472.1,ON017451.1,99.980,29868,6,0,2,29869,1,29868,0.0,55123
MZ319406.1,MZ228094.1,99.997,29777,1,0,1,29777,25,29801,0.0,54983
OE996732.2,OE996769.2,99.993,29764,1,1,55,29817,55,29818,0.0,54951
OU263834.1,OU342235.1,99.990,29764,3,0,55,29818,1,29764,0.0,54948
MW752072.1,MW792720.1,99.997,29816,1,0,1,29816,36,29851,0.0,55055
MW929966.1,MZ315844.1,99.987,29772,4,0,1,29772,25,29796,0.0,54957
MZ411924.1,ON344322.1,99.980,29651,6,0,1,29651,134,29784,0.0,54722
OK297192.1,OL367260.1,99.987,29845,4,0,1,29845,27,29871,0.0,55094
OM898708.1,OQ691359.1,99.970,29510,9,0,1,29510,1,29510,0.0,54445
MZ702142.1,MZ702149.1,99.997,29774,1,0,1,29774,1,29774,0.0,54977
MZ461036.1,MZ461038.1,99.983,29645,5,0,1,29645,21,29665,0.0,54721
PP611633.1,PP611684.1,99.976,29727,7,0,1,29727,29,29755,0.0,54857
ON344625.1,ON344489.1,99.987,29835,4,0,1,29835,16,29850,0.0,55073
PQ281336.1,PQ281334.1,100.000,29787,0,0,1,29787,1,29787,0.0,55007
MZ245183.1,MZ245047.1,99.973,29839,8,0,1,29839,29,29867,0.0,55047
OW684821.1,OW600267.1,99.913,29755,26,0,55,29809,55,29809,0.0,54848
MW763416.1,MW941791.1,99.987,29782,4,0,1,29782,53,29834,0.0,54975
MZ340546.1,MZ340636.1,99.966,29789,10,0,1,29789,1,29789,0.0,54955
OU007048.2,OU007056.2,100.000,29782,0,0,55,29836,55,29836,0.0,54998
MZ469154.1,MZ684554.1,99.976,29686,7,0,1,29686,7,29692,0.0,54794
OY608836.1,OY335898.1,99.993,29763,2,0,55,29817,55,29817,0.0,54953
MZ227858.1,OL543834.1,99.977,29831,7,0,1,29831,2,29832,0.0,55049
BS008065.1,BS008064.1,99.970,29764,9,0,1,29764,1,29764,0.0,54926
MZ455442.1,MZ237192.1,99.993,29777,2,0,1,29777,25,29801,0.0,54977
MZ006057.1,MZ203357.1,99.993,29782,2,0,1,29782,16,29797,0.0,54986
MZ451735.1,MZ451879.1,99.990,29836,3,0,1,29836,1,29836,0.0,55082
OL345097.1,OL345086.1,100.000,29831,0,0,1,29831,3,29833,0.0,55088
MZ058021.1,MZ144349.1,99.990,29689,3,0,1,29689,1,29689,0.0,54809
OZ066650.1,OZ064317.1,99.997,29768,1,0,1,29768,22,29789,0.0,54962
OL848106.1,OL848096.1,100.000,29800,0,0,1,29800,14,29813,0.0,55031
OW690948.1,OW686043.1,99.940,29798,18,0,3,29800,3,29800,0.0,54953
OM021112.1,OM021041.1,100.000,29821,0,0,1,29821,2,29822,0.0,55025
MZ253855.1,MZ316506.1,99.993,29709,2,0,1,29709,24,29732,0.0,54852
OM021101.1,OM021108.1,99.997,29795,1,0,1,29795,17,29811,0.0,54972
OK293974.1,OK292744.1,99.993,29866,2,0,1,29866,3,29868,0.0,55119
PQ783397.1,OV101552.1,99.950,29804,15,0,1,29804,37,29840,0.0,54955
OK232252.1,MZ780650.1,99.993,29715,2,0,1,29715,37,29751,0.0,54865
OM898555.1,OQ690577.1,99.983,29510,5,0,1,29510,1,29510,0.0,54468
PQ588252.1,PQ588274.1,99.993,29501,2,0,1,29501,1,29501,0.0,54468
MZ620007.1,MZ620008.1,99.993,29816,2,0,1,29816,12,29827,0.0,55046
OU215416.1,OU215391.1,100.000,29813,0,0,1,29813,37,29849,0.0,55055
OU064712.1,OU140857.1,100.000,29709,0,0,55,29763,55,29763,0.0,54863
OL474274.1,MW987310.1,99.983,29693,5,0,1,29693,11,29703,0.0,54805
MW793555.1,ON344257.1,99.980,29789,6,0,1,29789,48,29836,0.0,54979
MZ619477.1,MZ028922.1,100.000,29835,0,0,1,29835,14,29848,0.0,55095
OY609399.1,OY954511.1,99.976,29763,7,0,55,29817,55,29817,0.0,54924
LC752089.1,LC752088.1,99.990,29819,3,0,1,29819,1,29819,0.0,55049
MZ642214.1,MZ642213.1,99.997,29772,1,0,1,29772,1,29772,0.0,54974
PQ458184.1,PQ585534.1,99.990,29579,3,0,1,29579,50,29628,0.0,54606
MZ196090.1,MZ187471.1,99.983,29883,5,0,1,29883,2,29884,0.0,55149
OQ521715.1,OQ521722.1,99.990,29810,3,0,1,29810,1,29810,0.0,55033
OQ521777.1,OQ521717.1,99.997,29816,1,0,6,29821,1,29816,0.0,55055
OZ066968.1,OZ065127.1,99.983,29789,5,0,1,29789,14,29802,0.0,54986
MZ544649.1,OU164118.1,99.966,29810,10,0,1,29810,5,29814,0.0,54996
PQ632173.1,PP611592.1,100.000,29726,0,0,1,29726,2,29727,0.0,54894
PQ796955.1,PQ361551.1,99.983,29758,5,0,1,29758,1,29758,0.0,54926
OX013522.1,OX013580.1,99.980,29763,6,0,55,29817,55,29817,0.0,54929
OL475374.1,PP614909.1,99.976,29714,7,0,1,29714,40,29753,0.0,54833
OU111978.1,OU076716.1,99.997,29739,1,0,1,29739,33,29771,0.0,54913
OW679114.1,OW626413.1,99.973,29752,8,0,55,29806,55,29806,0.0,54907
OY615034.1,OY614245.1,99.990,29763,3,0,55,29817,55,29817,0.0,54946
MZ196189.1,MZ196190.1,99.970,29891,9,0,1,29891,7,29897,0.0,55149
MZ271691.1,MZ282759.1,99.960,29870,12,0,1,29870,3,29872,0.0,55105
PQ588239.1,OV278725.1,99.963,29501,11,0,1,29501,202,29702,0.0,54429
MZ153578.1,MZ450690.1,99.987,29818,4,0,1,29818,1,29818,0.0,55042
OM182114.1,OM182126.1,100.000,29846,0,0,1,29846,1,29846,0.0,55116
OX584240.1,OY954461.1,99.983,29805,5,0,13,29817,13,29817,0.0,55014
PQ361597.1,PQ361551.1,99.990,29758,3,0,1,29758,1,29758,0.0,54937
OK220832.1,MZ013431.1,99.997,29756,1,0,1,29756,31,29786,0.0,54944
OL615161.1,OL580066.1,99.960,29827,12,0,1,29827,3,29829,0.0,55014
MZ454702.1,MZ316506.1,99.987,29777,4,0,1,29777,25,29801,0.0,54966
PQ803692.1,PQ454491.1,99.970,29743,9,0,1,29743,33,29775,0.0,54881
OQ691347.1,ON192846.1,99.986,29540,4,0,1,29540,140,29679,0.0,54528
MZ732080.1,MZ731953.1,100.000,29804,0,0,1,29804,1,29804,0.0,55038
OU367669.1,OU367676.1,100.000,29855,0,0,15,29869,1,29855,0.0,55132
LC752098.1,LC752105.1,99.997,29808,1,0,1,29808,15,29822,0.0,55040
MZ965553.1,OK294133.1,99.963,29766,11,0,1,29766,53,29818,0.0,54907
MZ030207.1,MZ030519.1,100.000,29709,0,0,1,29709,1,29709,0.0,54863
OL601790.1,OU088311.1,99.987,29708,4,0,1,29708,55,29762,0.0,54841
MZ702216.1,MZ702220.1,99.997,29777,1,0,1,29777,1,29777,0.0,54983
OU232219.1,OU232237.1,100.000,29763,0,0,55,29817,55,29817,0.0,54962
OU221175.1,OU221173.1,99.950,29853,15,0,1,29853,6,29858,0.0,55070
PP614653.1,PP614866.1,100.000,29746,0,0,1,29746,2,29747,0.0,54931
OU178082.1,OU054632.1,100.000,29709,0,0,55,29763,55,29763,0.0,54863
MZ149625.1,MZ149353.1,100.000,29841,0,0,1,29841,1,29841,0.0,55106
OU252903.1,OU261020.1,100.000,29709,0,0,55,29763,55,29763,0.0,54863
OP886879.1,OP883937.1,100.000,29799,0,0,1,29799,1,29799,0.0,55025
OL373860.1,OK024291.1,99.990,29808,3,0,1,29808,1,29808,0.0,55029
PP122166.1,PP122132.1,99.966,29846,10,0,1,29846,1,29846,0.0,55060
OU062330.1,OU054632.1,99.980,29709,6,0,55,29763,55,29763,0.0,54829
MZ166190.1,MW967824.1,99.993,29739,2,0,1,29739,5,29743,0.0,54907
OK249906.1,OK188017.1,100.000,29781,0,0,1,29781,44,29824,0.0,54996
OL475347.1,MW989783.1,99.993,29706,2,0,1,29706,60,29765,0.0,54846
ON577460.1,MW988204.1,99.950,29822,15,0,1,29822,11,29832,0.0,55007
OX540418.1,OX587510.1,99.956,29779,13,0,39,29817,39,29817,0.0,54942
OZ063230.1,OZ062913.1,99.980,29768,6,0,1,29768,22,29789,0.0,54940
PQ645236.1,PQ667871.1,99.966,29521,10,0,1,29521,1,29521,0.0,54460
OE996300.2,OX013452.1,99.987,29763,4,0,55,29817,55,29817,0.0,54940
OQ521726.1,OQ521722.1,99.990,29810,3,0,1,29810,1,29810,0.0,55033
OX546123.1,OX575084.1,99.987,29785,4,0,39,29823,39,29823,0.0,54979
OK175172.1,OK240691.1,100.000,29796,0,0,1,29796,1,29796,0.0,55023
MW987117.1,MZ149332.1,99.987,29672,4,0,1,29672,26,29697,0.0,54772
MZ450552.1,MZ450600.1,100.000,29816,0,0,1,29816,1,29816,0.0,55060
OX542329.1,OX811235.1,99.983,29814,5,0,10,29823,10,29823,0.0,55027
ON578011.1,MZ201685.1,99.956,29828,13,0,1,29828,2,29829,0.0,55010
OQ691300.1,OK296298.1,99.990,29536,3,0,1,29536,200,29735,0.0,54527
OM898401.1,OQ690577.1,99.983,29510,5,0,1,29510,1,29510,0.0,54468
OU216176.1,OU223912.1,99.933,29862,20,0,14,29875,1,29862,0.0,55060
OY604770.1,OY299519.1,99.993,29763,2,0,55,29817,55,29817,0.0,54955
PP614246.1,PP614822.1,99.990,29691,3,0,1,29691,1,29691,0.0,54813
OU214358.1,OU152832.1,99.997,29687,1,0,1,29687,1,29687,0.0,54817
PQ454435.1,PQ454447.1,99.987,29787,4,0,1,29787,4,29790,0.0,54985
MZ239975.1,MZ316204.1,99.977,29822,7,0,1,29822,1,29822,0.0,55033
MZ008795.1,MZ007323.1,99.997,29830,1,0,1,29830,1,29830,0.0,55081
MZ184144.1,MZ188026.1,99.960,29893,12,0,1,29893,6,29898,0.0,55147
OV101697.1,OV101825.1,99.990,29847,3,0,5,29851,5,29851,0.0,55101
OK249051.1,OK294518.1,99.986,27632,4,0,1,27632,38,27669,0.0,51005
OK249051.1,OK294518.1,99.952,2099,1,0,27633,29731,27703,29801,0.0,3871
OR467282.1,OR467274.1,100.000,29691,0,0,3,29693,1,29691,0.0,54829
MW986043.1,MZ146259.1,99.993,29703,2,0,1,29703,1,29703,0.0,54841
OX643263.1,OX542799.1,99.953,29779,14,0,39,29817,39,29817,0.0,54937
OK233211.1,OK219098.1,99.983,29780,5,0,1,29780,2,29781,0.0,54966
OK109594.1,OK109567.1,100.000,29781,0,0,1,29781,1,29781,0.0,54996
OU111966.1,OU111941.1,99.997,29808,0,1,1,29807,1,29808,0.0,55038
MZ642204.1,MW989783.1,99.983,29772,5,0,1,29772,52,29823,0.0,54953
OM067840.1,MW793636.1,99.993,29782,2,0,1,29782,6,29787,0.0,54986
OK231278.1,OK246920.1,99.997,29650,1,0,1,29650,136,29785,0.0,54748
OW691403.1,OW600277.1,100.000,29746,0,0,55,29800,55,29800,0.0,54920
OM135961.1,OM135960.1,99.993,29785,2,0,1,29785,10,29794,0.0,54992
PP608736.1,OU093859.1,99.929,29719,21,0,1,29719,15,29733,0.0,54765
OQ691068.1,OZ065241.1,99.990,29510,3,0,1,29510,171,29680,0.0,54480
OK108469.1,MZ703715.1,99.970,29827,9,0,1,29827,1,29827,0.0,55031
OZ061760.1,OL522253.1,99.963,29822,11,0,1,29822,3,29824,0.0,55010
OU267112.1,OU265290.1,100.000,29764,0,0,55,29818,55,29818,0.0,54964
MW987358.1,PP615239.1,99.990,29704,3,0,1,29704,17,29720,0.0,54837
OX655803.1,OX587613.1,100.000,29798,0,0,20,29817,12,29809,0.0,55027
OU263392.1,OU257665.1,100.000,29709,0,0,55,29763,55,29763,0.0,54863
MW985597.1,MW986709.1,99.993,29704,2,0,1,29704,2,29705,0.0,54842
MW734454.1,MW777435.1,99.997,29713,1,0,1,29713,25,29737,0.0,54865
OL416537.1,OL416528.1,100.000,29826,0,0,1,29826,8,29833,0.0,55079
MZ227883.1,MW988204.1,99.966,29822,4,1,1,29816,11,29832,0.0,55010
OU232290.1,OU232296.1,100.000,29763,0,0,55,29817,55,29817,0.0,54962
MW986450.1,MZ316011.1,99.987,29704,4,0,1,29704,24,29727,0.0,54831
OK192448.1,MW941791.1,99.983,29827,5,0,1,29827,29,29855,0.0,55053
OU053013.1,OU054632.1,99.973,29709,8,0,55,29763,55,29763,0.0,54818
MZ434342.1,MZ164816.1,99.993,29787,2,0,1,29787,40,29826,0.0,54998
MW808728.1,MZ636249.1,99.943,29873,17,0,1,29873,31,29903,0.0,55092
MZ240438.1,MZ232512.1,99.997,29516,1,0,1,29516,1,29516,0.0,54501
PQ362883.1,PQ362882.1,99.993,29815,2,0,1,29815,1,29815,0.0,55047
MW808685.1,MW808702.1,99.997,29892,1,0,1,29892,6,29897,0.0,55182
PP122278.1,PP122208.1,99.970,29846,9,0,1,29846,1,29846,0.0,55066
OV269502.1,OV268656.1,99.980,29798,0,1,31,29828,31,29822,0.0,54988
OU572785.1,MZ376142.1,99.983,29825,5,0,8,29832,5,29829,0.0,55049
OM765566.1,OU221209.1,99.966,29817,10,0,1,29817,35,29851,0.0,55007
OU089525.1,OD954498.1,99.993,29706,2,0,55,29760,55,29760,0.0,54846
OM020578.1,OM021108.1,100.000,29795,0,0,1,29795,17,29811,0.0,54977
OM021137.1,OM021108.1,99.997,29795,1,0,1,29795,17,29811,0.0,54972
OY614673.1,OY619822.3,99.990,29763,3,0,55,29817,55,29817,0.0,54948
ON577342.1,MZ201685.1,99.970,29829,9,0,1,29829,1,29829,0.0,55034
MW942237.1,MW783234.1,99.993,29901,2,0,1,29901,2,29902,0.0,55206
OM124280.1,OM124602.1,99.997,29776,1,0,1,29776,8,29783,0.0,54981
OX560392.1,OX565613.1,99.983,29856,5,0,29,29884,29,29884,0.0,55106
OX571035.1,OX558266.1,99.990,29846,3,0,39,29884,39,29884,0.0,55099
MW966024.1,MW967091.1,99.990,29813,3,0,16,29828,1,29813,0.0,55023
OL475446.1,MW989783.1,99.997,29717,1,0,1,29717,53,29769,0.0,54872
OU270179.1,OU261020.1,100.000,29709,0,0,55,29763,55,29763,0.0,54863
ON344302.1,ON344204.1,99.997,29849,1,0,4,29852,1,29849,0.0,55116
OK233857.1,MZ207050.1,99.960,29769,12,0,1,29769,32,29800,0.0,54907
OQ521738.1,OQ521747.1,100.000,29822,0,0,1,29822,1,29822,0.0,55071
PQ588247.1,OM124602.1,99.993,29501,2,0,1,29501,188,29688,0.0,54468
PP186873.1,PP186881.1,100.000,29887,0,0,1,29887,13,29899,0.0,55191
MW971593.1,MW971592.1,99.997,29695,1,0,1,29695,1,29695,0.0,54831
OX683006.1,OX710615.1,99.987,29785,4,0,39,29823,39,29823,0.0,54986
OK235123.1,MW931091.1,99.987,29770,4,0,1,29770,9,29778,0.0,54953
MZ036793.1,MW932085.1,99.997,29715,1,0,1,29715,24,29738,0.0,54868
OX014368.1,OX014375.1,99.990,29763,3,0,55,29817,55,29817,0.0,54946
OZ065147.1,MZ282758.1,99.970,29802,9,0,1,29802,5,29806,0.0,54985
OK293829.1,OK291350.1,99.993,29823,2,0,1,29823,31,29853,0.0,55062
MW783205.1,MW808428.1,99.993,29873,2,0,1,29873,31,29903,0.0,55119
OZ064119.1,OZ064354.1,99.987,29768,4,0,1,29768,1,29768,0.0,54951
OK547302.1,OK548598.1,100.000,29598,0,0,1,29598,1,29598,0.0,54658
ON344201.1,ON344322.1,100.000,29827,0,0,1,29827,24,29850,0.0,55081
OK232641.1,OK293611.1,99.986,29305,4,0,1,29305,103,29407,0.0,54095
MZ451855.1,MZ164816.1,99.997,29836,1,0,1,29836,1,29836,0.0,55092
MW931035.1,MW989783.1,99.973,29821,8,0,1,29821,28,29848,0.0,55025
MW966413.1,MW942172.1,99.983,29828,5,0,1,29828,3,29830,0.0,55036
OK234477.1,OK232933.1,99.980,29715,4,1,1,29715,1,29713,0.0,54839
PQ281332.1,PQ281334.1,100.000,29787,0,0,1,29787,1,29787,0.0,55007
OX853400.1,OV101845.1,99.983,29833,5,0,10,29842,10,29842,0.0,55070
MW942833.1,MW779032.1,99.990,29901,3,0,1,29901,2,29902,0.0,55197
ON344415.1,ON344489.1,99.997,29849,1,0,1,29849,2,29850,0.0,55116
OE996428.2,OD999037.2,99.970,29764,9,0,55,29818,55,29818,0.0,54914
OZ064731.1,OZ064950.1,99.993,29789,2,0,1,29789,6,29794,0.0,55001
MW825694.1,MW868887.1,99.990,29782,3,0,1,29782,44,29825,0.0,54981
MZ703979.1,MZ704157.1,99.997,29831,1,0,1,29831,1,29831,0.0,55084
OX541743.1,OY954422.1,99.987,29799,4,0,19,29817,19,29817,0.0,55007
PP186882.1,PP186872.1,99.993,29849,2,0,1,29849,1,29849,0.0,55110
OK292632.1,OK291350.1,99.960,29900,12,0,1,29900,3,29902,0.0,55162
OZ061977.1,OZ062396.1,99.980,29818,6,0,4,29821,1,29818,0.0,55031
MZ685188.1,MZ685223.1,99.993,29791,2,0,1,29791,9,29799,0.0,55003
MZ171275.1,MW851945.1,99.983,29648,5,0,1,29648,16,29663,0.0,54726
MZ171275.1,MW851945.1,100.000,60,0,0,29699,29758,29665,29724,1.78e-21,111
OK231071.1,OK512065.1,100.000,29707,0,0,1,29707,1,29707,0.0,54859
